num_vertices,avg_degree_k,algorithm,execution_time,edge_estimate,graph,fully_reachable,explored_percentage
10000,5,dijkstra,0.14287344000000002,50000,n10000k5.00i0,False,403.01
10000,5,dijkstra,0.14405768000000002,50000,n10000k5.00i0,False,403.01
10000,5,dijkstra,0.14615131999999997,50000,n10000k5.00i0,False,403.01
10000,5,dijkstra,0.14583723999999998,50000,n10000k5.00i0,False,403.01
10000,5,dijkstra,0.14000879999999993,50000,n10000k5.00i0,False,403.01
10000,5,sssp_duan_et_al,1.84849272,50000,n10000k5.00i0,False,403.01
10000,5,sssp_duan_et_al,1.8750288000000004,50000,n10000k5.00i0,False,403.01
10000,5,sssp_duan_et_al,1.9004345200000001,50000,n10000k5.00i0,False,403.01
10000,5,sssp_duan_et_al,1.8872733199999994,50000,n10000k5.00i0,False,403.01
10000,5,sssp_duan_et_al,1.8992116799999987,50000,n10000k5.00i0,False,403.01
10000,5,sssp_duan_et_al_iter,1.9091903200000004,50000,n10000k5.00i0,False,403.01
10000,5,sssp_duan_et_al_iter,1.8743891599999998,50000,n10000k5.00i0,False,403.01
10000,5,sssp_duan_et_al_iter,1.8798870799999996,50000,n10000k5.00i0,False,403.01
10000,5,sssp_duan_et_al_iter,1.8898010800000016,50000,n10000k5.00i0,False,403.01
10000,5,sssp_duan_et_al_iter,1.9303466799999995,50000,n10000k5.00i0,False,403.01
10000,5,dijkstra,0.16230944000000136,50000,n10000k5.00i1,False,398.96
10000,5,dijkstra,0.16205928000000114,50000,n10000k5.00i1,False,398.96
10000,5,dijkstra,0.15749600000000186,50000,n10000k5.00i1,False,398.96
10000,5,dijkstra,0.15599759999999918,50000,n10000k5.00i1,False,398.96
10000,5,dijkstra,0.1518088800000008,50000,n10000k5.00i1,False,398.96
10000,5,sssp_duan_et_al,1.847207000000001,50000,n10000k5.00i1,False,398.96
10000,5,sssp_duan_et_al,1.8878678799999982,50000,n10000k5.00i1,False,398.96
10000,5,sssp_duan_et_al,1.871268839999999,50000,n10000k5.00i1,False,398.96
10000,5,sssp_duan_et_al,1.8832796400000014,50000,n10000k5.00i1,False,398.96
10000,5,sssp_duan_et_al,1.880927119999999,50000,n10000k5.00i1,False,398.96
10000,5,sssp_duan_et_al_iter,1.8811606000000012,50000,n10000k5.00i1,False,398.96
10000,5,sssp_duan_et_al_iter,1.9400417200000035,50000,n10000k5.00i1,False,398.96
10000,5,sssp_duan_et_al_iter,1.9387624000000017,50000,n10000k5.00i1,False,398.96
10000,5,sssp_duan_et_al_iter,1.923575360000001,50000,n10000k5.00i1,False,398.96
10000,5,sssp_duan_et_al_iter,1.9111071600000002,50000,n10000k5.00i1,False,398.96
10000,5,dijkstra,0.15612100000000595,50000,n10000k5.00i2,False,403.81
10000,5,dijkstra,0.15713996000000208,50000,n10000k5.00i2,False,403.81
10000,5,dijkstra,0.1504397200000014,50000,n10000k5.00i2,False,403.81
10000,5,dijkstra,0.16278872000000177,50000,n10000k5.00i2,False,403.81
10000,5,dijkstra,0.15780876000000177,50000,n10000k5.00i2,False,403.81
10000,5,sssp_duan_et_al,1.9891011200000008,50000,n10000k5.00i2,False,403.81
10000,5,sssp_duan_et_al,1.981267240000001,50000,n10000k5.00i2,False,403.81
10000,5,sssp_duan_et_al,1.9871709600000003,50000,n10000k5.00i2,False,403.81
10000,5,sssp_duan_et_al,2.0333297200000047,50000,n10000k5.00i2,False,403.81
10000,5,sssp_duan_et_al,1.9574740799999972,50000,n10000k5.00i2,False,403.81
10000,5,sssp_duan_et_al_iter,2.0177022399999984,50000,n10000k5.00i2,False,403.81
10000,5,sssp_duan_et_al_iter,1.9841678399999978,50000,n10000k5.00i2,False,403.81
10000,5,sssp_duan_et_al_iter,2.0157319600000037,50000,n10000k5.00i2,False,403.81
10000,5,sssp_duan_et_al_iter,2.0291860799999952,50000,n10000k5.00i2,False,403.81
10000,5,sssp_duan_et_al_iter,2.0135508400000006,50000,n10000k5.00i2,False,403.81
10000,5,dijkstra,0.1719776799999977,50000,n10000k5.00i3,False,402.89
10000,5,dijkstra,0.1670028799999983,50000,n10000k5.00i3,False,402.89
10000,5,dijkstra,0.16738743999999883,50000,n10000k5.00i3,False,402.89
10000,5,dijkstra,0.1628503600000073,50000,n10000k5.00i3,False,402.89
10000,5,dijkstra,0.16429268000000263,50000,n10000k5.00i3,False,402.89
10000,5,sssp_duan_et_al,1.9484502399999997,50000,n10000k5.00i3,False,402.89
10000,5,sssp_duan_et_al,1.9874421600000005,50000,n10000k5.00i3,False,402.89
10000,5,sssp_duan_et_al,1.9953644799999921,50000,n10000k5.00i3,False,402.89
10000,5,sssp_duan_et_al,1.978218400000003,50000,n10000k5.00i3,False,402.89
10000,5,sssp_duan_et_al,2.044079400000001,50000,n10000k5.00i3,False,402.89
10000,5,sssp_duan_et_al_iter,1.9968679199999997,50000,n10000k5.00i3,False,402.89
10000,5,sssp_duan_et_al_iter,2.0257866399999926,50000,n10000k5.00i3,False,402.89
10000,5,sssp_duan_et_al_iter,2.0419161599999995,50000,n10000k5.00i3,False,402.89
10000,5,sssp_duan_et_al_iter,1.9744220800000107,50000,n10000k5.00i3,False,402.89
10000,5,sssp_duan_et_al_iter,2.0170884000000058,50000,n10000k5.00i3,False,402.89
10000,5,dijkstra,0.17451975999999547,50000,n10000k5.00i4,False,402.02
10000,5,dijkstra,0.16904200000000458,50000,n10000k5.00i4,False,402.02
10000,5,dijkstra,0.1654608799999977,50000,n10000k5.00i4,False,402.02
10000,5,dijkstra,0.16993139999999585,50000,n10000k5.00i4,False,402.02
10000,5,dijkstra,0.1691809200000023,50000,n10000k5.00i4,False,402.02
10000,5,sssp_duan_et_al,2.007397519999998,50000,n10000k5.00i4,False,402.02
10000,5,sssp_duan_et_al,2.0293613199999925,50000,n10000k5.00i4,False,402.02
10000,5,sssp_duan_et_al,2.009900679999987,50000,n10000k5.00i4,False,402.02
10000,5,sssp_duan_et_al,2.0249630800000062,50000,n10000k5.00i4,False,402.02
10000,5,sssp_duan_et_al,2.0088599599999952,50000,n10000k5.00i4,False,402.02
10000,5,sssp_duan_et_al_iter,2.0412809200000055,50000,n10000k5.00i4,False,402.02
10000,5,sssp_duan_et_al_iter,2.0504901200000063,50000,n10000k5.00i4,False,402.02
10000,5,sssp_duan_et_al_iter,2.002502760000013,50000,n10000k5.00i4,False,402.02
10000,5,sssp_duan_et_al_iter,2.0990463200000136,50000,n10000k5.00i4,False,402.02
10000,5,sssp_duan_et_al_iter,2.0757187199999976,50000,n10000k5.00i4,False,402.02
10000,3,dijkstra,0.09041552000000763,30000,n10000k3.00i0,False,212.82000000000002
10000,3,dijkstra,0.08646263999999348,30000,n10000k3.00i0,False,212.82000000000002
10000,3,dijkstra,0.086115520000007,30000,n10000k3.00i0,False,212.82000000000002
10000,3,dijkstra,0.08485684000000049,30000,n10000k3.00i0,False,212.82000000000002
10000,3,dijkstra,0.09103944000000297,30000,n10000k3.00i0,False,212.82000000000002
10000,3,sssp_duan_et_al,1.0065709200000015,30000,n10000k3.00i0,False,212.82000000000002
10000,3,sssp_duan_et_al,0.9684290400000037,30000,n10000k3.00i0,False,212.82000000000002
10000,3,sssp_duan_et_al,0.9400450800000044,30000,n10000k3.00i0,False,212.82000000000002
10000,3,sssp_duan_et_al,0.9376658400000082,30000,n10000k3.00i0,False,212.82000000000002
10000,3,sssp_duan_et_al,0.8637895600000007,30000,n10000k3.00i0,False,212.82000000000002
10000,3,sssp_duan_et_al_iter,0.8768721200000016,30000,n10000k3.00i0,False,212.82000000000002
10000,3,sssp_duan_et_al_iter,0.870542400000005,30000,n10000k3.00i0,False,212.82000000000002
10000,3,sssp_duan_et_al_iter,0.8927563199999895,30000,n10000k3.00i0,False,212.82000000000002
10000,3,sssp_duan_et_al_iter,0.8649378799999994,30000,n10000k3.00i0,False,212.82000000000002
10000,3,sssp_duan_et_al_iter,0.8677512000000007,30000,n10000k3.00i0,False,212.82000000000002
10000,3,dijkstra,0.07496771999998941,30000,n10000k3.00i1,False,210.82
10000,3,dijkstra,0.07770868000000064,30000,n10000k3.00i1,False,210.82
10000,3,dijkstra,0.07601376000000926,30000,n10000k3.00i1,False,210.82
10000,3,dijkstra,0.07905256000000804,30000,n10000k3.00i1,False,210.82
10000,3,dijkstra,0.07923808000001031,30000,n10000k3.00i1,False,210.82
10000,3,sssp_duan_et_al,0.91949228,30000,n10000k3.00i1,False,210.82
10000,3,sssp_duan_et_al,0.9640647200000103,30000,n10000k3.00i1,False,210.82
10000,3,sssp_duan_et_al,0.9487309200000027,30000,n10000k3.00i1,False,210.82
10000,3,sssp_duan_et_al,0.9607876000000033,30000,n10000k3.00i1,False,210.82
10000,3,sssp_duan_et_al,0.9410055200000045,30000,n10000k3.00i1,False,210.82
10000,3,sssp_duan_et_al_iter,0.9529643199999924,30000,n10000k3.00i1,False,210.82
10000,3,sssp_duan_et_al_iter,0.9604696399999995,30000,n10000k3.00i1,False,210.82
10000,3,sssp_duan_et_al_iter,0.9585016400000086,30000,n10000k3.00i1,False,210.82
10000,3,sssp_duan_et_al_iter,0.9511447199999878,30000,n10000k3.00i1,False,210.82
10000,3,sssp_duan_et_al_iter,0.9403159999999957,30000,n10000k3.00i1,False,210.82
10000,3,dijkstra,0.07795559999999568,30000,n10000k3.00i2,False,211.89
10000,3,dijkstra,0.07673520000000167,30000,n10000k3.00i2,False,211.89
10000,3,dijkstra,0.07383548000001383,30000,n10000k3.00i2,False,211.89
10000,3,dijkstra,0.07567467999999167,30000,n10000k3.00i2,False,211.89
10000,3,dijkstra,0.07591456000000107,30000,n10000k3.00i2,False,211.89
10000,3,sssp_duan_et_al,0.8689850800000158,30000,n10000k3.00i2,False,211.89
10000,3,sssp_duan_et_al,0.873604720000003,30000,n10000k3.00i2,False,211.89
10000,3,sssp_duan_et_al,0.8908258799999942,30000,n10000k3.00i2,False,211.89
10000,3,sssp_duan_et_al,0.8956138799999849,30000,n10000k3.00i2,False,211.89
10000,3,sssp_duan_et_al,0.8762197599999979,30000,n10000k3.00i2,False,211.89
10000,3,sssp_duan_et_al_iter,0.8974686399999996,30000,n10000k3.00i2,False,211.89
10000,3,sssp_duan_et_al_iter,0.8791859600000009,30000,n10000k3.00i2,False,211.89
10000,3,sssp_duan_et_al_iter,0.8552523200000053,30000,n10000k3.00i2,False,211.89
10000,3,sssp_duan_et_al_iter,0.8761800800000117,30000,n10000k3.00i2,False,211.89
10000,3,sssp_duan_et_al_iter,0.8870439199999964,30000,n10000k3.00i2,False,211.89
10000,3,dijkstra,0.08168975999998906,30000,n10000k3.00i3,False,210.80999999999997
10000,3,dijkstra,0.07950356000000625,30000,n10000k3.00i3,False,210.80999999999997
10000,3,dijkstra,0.07927656000001093,30000,n10000k3.00i3,False,210.80999999999997
10000,3,dijkstra,0.07941515999999638,30000,n10000k3.00i3,False,210.80999999999997
10000,3,dijkstra,0.07738580000000184,30000,n10000k3.00i3,False,210.80999999999997
10000,3,sssp_duan_et_al,0.9237431200000117,30000,n10000k3.00i3,False,210.80999999999997
10000,3,sssp_duan_et_al,0.9275979600000142,30000,n10000k3.00i3,False,210.80999999999997
10000,3,sssp_duan_et_al,0.9304850000000044,30000,n10000k3.00i3,False,210.80999999999997
10000,3,sssp_duan_et_al,0.9611724000000095,30000,n10000k3.00i3,False,210.80999999999997
10000,3,sssp_duan_et_al,0.9660601999999869,30000,n10000k3.00i3,False,210.80999999999997
10000,3,sssp_duan_et_al_iter,0.9688169199999948,30000,n10000k3.00i3,False,210.80999999999997
10000,3,sssp_duan_et_al_iter,0.9492611199999885,30000,n10000k3.00i3,False,210.80999999999997
10000,3,sssp_duan_et_al_iter,0.976963679999983,30000,n10000k3.00i3,False,210.80999999999997
10000,3,sssp_duan_et_al_iter,0.9647771200000079,30000,n10000k3.00i3,False,210.80999999999997
10000,3,sssp_duan_et_al_iter,0.9502561200000059,30000,n10000k3.00i3,False,210.80999999999997
10000,3,dijkstra,0.0791743199999928,30000,n10000k3.00i4,False,209.10999999999999
10000,3,dijkstra,0.07905632000000651,30000,n10000k3.00i4,False,209.10999999999999
10000,3,dijkstra,0.07576327999998966,30000,n10000k3.00i4,False,209.10999999999999
10000,3,dijkstra,0.07978607999999099,30000,n10000k3.00i4,False,209.10999999999999
10000,3,dijkstra,0.07601507999999058,30000,n10000k3.00i4,False,209.10999999999999
10000,3,sssp_duan_et_al,0.8808693200000164,30000,n10000k3.00i4,False,209.10999999999999
10000,3,sssp_duan_et_al,0.9087564799999939,30000,n10000k3.00i4,False,209.10999999999999
10000,3,sssp_duan_et_al,0.9005444000000011,30000,n10000k3.00i4,False,209.10999999999999
10000,3,sssp_duan_et_al,0.8826829999999859,30000,n10000k3.00i4,False,209.10999999999999
10000,3,sssp_duan_et_al,0.8837628800000061,30000,n10000k3.00i4,False,209.10999999999999
10000,3,sssp_duan_et_al_iter,0.8936874799999828,30000,n10000k3.00i4,False,209.10999999999999
10000,3,sssp_duan_et_al_iter,0.8818466400000204,30000,n10000k3.00i4,False,209.10999999999999
10000,3,sssp_duan_et_al_iter,0.8965653200000077,30000,n10000k3.00i4,False,209.10999999999999
10000,3,sssp_duan_et_al_iter,0.8868186799999762,30000,n10000k3.00i4,False,209.10999999999999
10000,3,sssp_duan_et_al_iter,0.8941453600000102,30000,n10000k3.00i4,False,209.10999999999999
10000,1,dijkstra,0.008691520000013497,10000,n10000k1.00i0,False,0.01
10000,1,dijkstra,0.005784319999975196,10000,n10000k1.00i0,False,0.01
10000,1,dijkstra,0.00575879999999529,10000,n10000k1.00i0,False,0.01
10000,1,dijkstra,0.005756120000000919,10000,n10000k1.00i0,False,0.01
10000,1,dijkstra,0.005890200000010282,10000,n10000k1.00i0,False,0.01
10000,1,sssp_duan_et_al,0.00236156000002552,10000,n10000k1.00i0,False,0.01
10000,1,sssp_duan_et_al,0.0020322799999803465,10000,n10000k1.00i0,False,0.01
10000,1,sssp_duan_et_al,0.0019027600000072198,10000,n10000k1.00i0,False,0.01
10000,1,sssp_duan_et_al,0.0019384000000002288,10000,n10000k1.00i0,False,0.01
10000,1,sssp_duan_et_al,0.0018790000000024065,10000,n10000k1.00i0,False,0.01
10000,1,sssp_duan_et_al_iter,0.0018770800000140753,10000,n10000k1.00i0,False,0.01
10000,1,sssp_duan_et_al_iter,0.001884999999987258,10000,n10000k1.00i0,False,0.01
10000,1,sssp_duan_et_al_iter,0.0018578400000137663,10000,n10000k1.00i0,False,0.01
10000,1,sssp_duan_et_al_iter,0.0018520400000170412,10000,n10000k1.00i0,False,0.01
10000,1,sssp_duan_et_al_iter,0.001873480000000427,10000,n10000k1.00i0,False,0.01
10000,1,dijkstra,0.004469959999994444,10000,n10000k1.00i1,False,0.67
10000,1,dijkstra,0.003948280000003024,10000,n10000k1.00i1,False,0.67
10000,1,dijkstra,0.00390272000001346,10000,n10000k1.00i1,False,0.67
10000,1,dijkstra,0.003735560000023952,10000,n10000k1.00i1,False,0.67
10000,1,dijkstra,0.003756519999996044,10000,n10000k1.00i1,False,0.67
10000,1,sssp_duan_et_al,0.002658759999974336,10000,n10000k1.00i1,False,0.67
10000,1,sssp_duan_et_al,0.0025335200000142777,10000,n10000k1.00i1,False,0.67
10000,1,sssp_duan_et_al,0.002553400000010697,10000,n10000k1.00i1,False,0.67
10000,1,sssp_duan_et_al,0.00253055999999674,10000,n10000k1.00i1,False,0.67
10000,1,sssp_duan_et_al,0.002491000000020449,10000,n10000k1.00i1,False,0.67
10000,1,sssp_duan_et_al_iter,0.002542959999999539,10000,n10000k1.00i1,False,0.67
10000,1,sssp_duan_et_al_iter,0.0025358400000072834,10000,n10000k1.00i1,False,0.67
10000,1,sssp_duan_et_al_iter,0.002567760000005137,10000,n10000k1.00i1,False,0.67
10000,1,sssp_duan_et_al_iter,0.002557840000008582,10000,n10000k1.00i1,False,0.67
10000,1,sssp_duan_et_al_iter,0.0025598400000035326,10000,n10000k1.00i1,False,0.67
10000,1,dijkstra,0.0039125600000033955,10000,n10000k1.00i2,False,0.01
10000,1,dijkstra,0.003668519999990849,10000,n10000k1.00i2,False,0.01
10000,1,dijkstra,0.003591760000006161,10000,n10000k1.00i2,False,0.01
10000,1,dijkstra,0.0035467600000060884,10000,n10000k1.00i2,False,0.01
10000,1,dijkstra,0.0035774800000183404,10000,n10000k1.00i2,False,0.01
10000,1,sssp_duan_et_al,0.0018738400000017919,10000,n10000k1.00i2,False,0.01
10000,1,sssp_duan_et_al,0.001854479999991554,10000,n10000k1.00i2,False,0.01
10000,1,sssp_duan_et_al,0.0018109199999969405,10000,n10000k1.00i2,False,0.01
10000,1,sssp_duan_et_al,0.0018358800000157771,10000,n10000k1.00i2,False,0.01
10000,1,sssp_duan_et_al,0.0017982800000027055,10000,n10000k1.00i2,False,0.01
10000,1,sssp_duan_et_al_iter,0.0018039200000146138,10000,n10000k1.00i2,False,0.01
10000,1,sssp_duan_et_al_iter,0.0018391600000029484,10000,n10000k1.00i2,False,0.01
10000,1,sssp_duan_et_al_iter,0.0018068400000004203,10000,n10000k1.00i2,False,0.01
10000,1,sssp_duan_et_al_iter,0.0018015199999865672,10000,n10000k1.00i2,False,0.01
10000,1,sssp_duan_et_al_iter,0.00183147999999278,10000,n10000k1.00i2,False,0.01
10000,1,dijkstra,0.003932280000014998,10000,n10000k1.00i3,False,1.4000000000000001
10000,1,dijkstra,0.0036788400000205,10000,n10000k1.00i3,False,1.4000000000000001
10000,1,dijkstra,0.003687079999991738,10000,n10000k1.00i3,False,1.4000000000000001
10000,1,dijkstra,0.0036691200000120716,10000,n10000k1.00i3,False,1.4000000000000001
10000,1,dijkstra,0.0037516799999934847,10000,n10000k1.00i3,False,1.4000000000000001
10000,1,sssp_duan_et_al,0.003685920000009446,10000,n10000k1.00i3,False,1.4000000000000001
10000,1,sssp_duan_et_al,0.0036272399999859317,10000,n10000k1.00i3,False,1.4000000000000001
10000,1,sssp_duan_et_al,0.0035770400000103564,10000,n10000k1.00i3,False,1.4000000000000001
10000,1,sssp_duan_et_al,0.0035549199999991288,10000,n10000k1.00i3,False,1.4000000000000001
10000,1,sssp_duan_et_al,0.0036197599999923114,10000,n10000k1.00i3,False,1.4000000000000001
10000,1,sssp_duan_et_al_iter,0.0038128399999948215,10000,n10000k1.00i3,False,1.4000000000000001
10000,1,sssp_duan_et_al_iter,0.003877799999997933,10000,n10000k1.00i3,False,1.4000000000000001
10000,1,sssp_duan_et_al_iter,0.003766599999977416,10000,n10000k1.00i3,False,1.4000000000000001
10000,1,sssp_duan_et_al_iter,0.003702039999978979,10000,n10000k1.00i3,False,1.4000000000000001
10000,1,sssp_duan_et_al_iter,0.0037452800000039588,10000,n10000k1.00i3,False,1.4000000000000001
10000,1,dijkstra,0.0044555200000218065,10000,n10000k1.00i4,False,0.01
10000,1,dijkstra,0.00412316000000601,10000,n10000k1.00i4,False,0.01
10000,1,dijkstra,0.004297600000001012,10000,n10000k1.00i4,False,0.01
10000,1,dijkstra,0.00501396000001364,10000,n10000k1.00i4,False,0.01
10000,1,dijkstra,0.00501800000000685,10000,n10000k1.00i4,False,0.01
10000,1,sssp_duan_et_al,0.0022268000000167376,10000,n10000k1.00i4,False,0.01
10000,1,sssp_duan_et_al,0.0019087599999920712,10000,n10000k1.00i4,False,0.01
10000,1,sssp_duan_et_al,0.0019083999999907064,10000,n10000k1.00i4,False,0.01
10000,1,sssp_duan_et_al,0.0018268400000067686,10000,n10000k1.00i4,False,0.01
10000,1,sssp_duan_et_al,0.0018499200000121618,10000,n10000k1.00i4,False,0.01
10000,1,sssp_duan_et_al_iter,0.001848080000002028,10000,n10000k1.00i4,False,0.01
10000,1,sssp_duan_et_al_iter,0.0018163999999956104,10000,n10000k1.00i4,False,0.01
10000,1,sssp_duan_et_al_iter,0.0018736799999885534,10000,n10000k1.00i4,False,0.01
10000,1,sssp_duan_et_al_iter,0.0018364400000052683,10000,n10000k1.00i4,False,0.01
10000,1,sssp_duan_et_al_iter,0.0018068400000004203,10000,n10000k1.00i4,False,0.01
10000,0.8,dijkstra,0.003040839999982836,8000.0,n10000k0.80i0,False,0.01
10000,0.8,dijkstra,0.0028322000000002845,8000.0,n10000k0.80i0,False,0.01
10000,0.8,dijkstra,0.002896279999987428,8000.0,n10000k0.80i0,False,0.01
10000,0.8,dijkstra,0.002810839999995096,8000.0,n10000k0.80i0,False,0.01
10000,0.8,dijkstra,0.0028059999999925367,8000.0,n10000k0.80i0,False,0.01
10000,0.8,sssp_duan_et_al,0.0015598800000020674,8000.0,n10000k0.80i0,False,0.01
10000,0.8,sssp_duan_et_al,0.001530559999991965,8000.0,n10000k0.80i0,False,0.01
10000,0.8,sssp_duan_et_al,0.00152543999999466,8000.0,n10000k0.80i0,False,0.01
10000,0.8,sssp_duan_et_al,0.0014990399999987858,8000.0,n10000k0.80i0,False,0.01
10000,0.8,sssp_duan_et_al,0.001498679999997421,8000.0,n10000k0.80i0,False,0.01
10000,0.8,sssp_duan_et_al_iter,0.0015100399999994352,8000.0,n10000k0.80i0,False,0.01
10000,0.8,sssp_duan_et_al_iter,0.0015020799999945211,8000.0,n10000k0.80i0,False,0.01
10000,0.8,sssp_duan_et_al_iter,0.0014817999999934273,8000.0,n10000k0.80i0,False,0.01
10000,0.8,sssp_duan_et_al_iter,0.001511880000009569,8000.0,n10000k0.80i0,False,0.01
10000,0.8,sssp_duan_et_al_iter,0.0015230400000234567,8000.0,n10000k0.80i0,False,0.01
10000,0.8,dijkstra,0.002992239999997537,8000.0,n10000k0.80i1,False,0.02
10000,0.8,dijkstra,0.002846599999998034,8000.0,n10000k0.80i1,False,0.02
10000,0.8,dijkstra,0.0028146800000001804,8000.0,n10000k0.80i1,False,0.02
10000,0.8,dijkstra,0.0030336800000156927,8000.0,n10000k0.80i1,False,0.02
10000,0.8,dijkstra,0.002818600000011884,8000.0,n10000k0.80i1,False,0.02
10000,0.8,sssp_duan_et_al,0.0016539199999954235,8000.0,n10000k0.80i1,False,0.02
10000,0.8,sssp_duan_et_al,0.0015388799999982439,8000.0,n10000k0.80i1,False,0.02
10000,0.8,sssp_duan_et_al,0.0016166000000055192,8000.0,n10000k0.80i1,False,0.02
10000,0.8,sssp_duan_et_al,0.001571439999992208,8000.0,n10000k0.80i1,False,0.02
10000,0.8,sssp_duan_et_al,0.0016014400000017304,8000.0,n10000k0.80i1,False,0.02
10000,0.8,sssp_duan_et_al_iter,0.0015837199999850782,8000.0,n10000k0.80i1,False,0.02
10000,0.8,sssp_duan_et_al_iter,0.0015618799999970179,8000.0,n10000k0.80i1,False,0.02
10000,0.8,sssp_duan_et_al_iter,0.0016202399999940553,8000.0,n10000k0.80i1,False,0.02
10000,0.8,sssp_duan_et_al_iter,0.001573039999982484,8000.0,n10000k0.80i1,False,0.02
10000,0.8,sssp_duan_et_al_iter,0.0016160000000127184,8000.0,n10000k0.80i1,False,0.02
10000,0.8,dijkstra,0.003346759999999449,8000.0,n10000k0.80i2,False,0.27
10000,0.8,dijkstra,0.0029858800000113206,8000.0,n10000k0.80i2,False,0.27
10000,0.8,dijkstra,0.002969119999988834,8000.0,n10000k0.80i2,False,0.27
10000,0.8,dijkstra,0.002966159999999718,8000.0,n10000k0.80i2,False,0.27
10000,0.8,dijkstra,0.0029145199999902616,8000.0,n10000k0.80i2,False,0.27
10000,0.8,sssp_duan_et_al,0.0019422000000020034,8000.0,n10000k0.80i2,False,0.27
10000,0.8,sssp_duan_et_al,0.0018391999999778363,8000.0,n10000k0.80i2,False,0.27
10000,0.8,sssp_duan_et_al,0.0017909999999972115,8000.0,n10000k0.80i2,False,0.27
10000,0.8,sssp_duan_et_al,0.0018193999999880361,8000.0,n10000k0.80i2,False,0.27
10000,0.8,sssp_duan_et_al,0.001804480000004105,8000.0,n10000k0.80i2,False,0.27
10000,0.8,sssp_duan_et_al_iter,0.0018861599999979717,8000.0,n10000k0.80i2,False,0.27
10000,0.8,sssp_duan_et_al_iter,0.0018052400000101443,8000.0,n10000k0.80i2,False,0.27
10000,0.8,sssp_duan_et_al_iter,0.0018163999999956104,8000.0,n10000k0.80i2,False,0.27
10000,0.8,sssp_duan_et_al_iter,0.0018460000000004584,8000.0,n10000k0.80i2,False,0.27
10000,0.8,sssp_duan_et_al_iter,0.0018154800000047544,8000.0,n10000k0.80i2,False,0.27
10000,0.8,dijkstra,0.0032411599999875307,8000.0,n10000k0.80i3,False,0.02
10000,0.8,dijkstra,0.0030914399999915076,8000.0,n10000k0.80i3,False,0.02
10000,0.8,dijkstra,0.0030501599999865903,8000.0,n10000k0.80i3,False,0.02
10000,0.8,dijkstra,0.0029851200000052813,8000.0,n10000k0.80i3,False,0.02
10000,0.8,dijkstra,0.002933240000004389,8000.0,n10000k0.80i3,False,0.02
10000,0.8,sssp_duan_et_al,0.0017241999999839663,8000.0,n10000k0.80i3,False,0.02
10000,0.8,sssp_duan_et_al,0.0015808400000025813,8000.0,n10000k0.80i3,False,0.02
10000,0.8,sssp_duan_et_al,0.0015272800000047937,8000.0,n10000k0.80i3,False,0.02
10000,0.8,sssp_duan_et_al,0.0015879199999915272,8000.0,n10000k0.80i3,False,0.02
10000,0.8,sssp_duan_et_al,0.0015466400000150315,8000.0,n10000k0.80i3,False,0.02
10000,0.8,sssp_duan_et_al_iter,0.0015430400000013833,8000.0,n10000k0.80i3,False,0.02
10000,0.8,sssp_duan_et_al_iter,0.0015226400000187823,8000.0,n10000k0.80i3,False,0.02
10000,0.8,sssp_duan_et_al_iter,0.001567880000010291,8000.0,n10000k0.80i3,False,0.02
10000,0.8,sssp_duan_et_al_iter,0.0015844799999911174,8000.0,n10000k0.80i3,False,0.02
10000,0.8,sssp_duan_et_al_iter,0.0015680000000202199,8000.0,n10000k0.80i3,False,0.02
10000,0.8,dijkstra,0.0034851600000251892,8000.0,n10000k0.80i4,False,0.01
10000,0.8,dijkstra,0.0031879199999877983,8000.0,n10000k0.80i4,False,0.01
10000,0.8,dijkstra,0.0030601599999897644,8000.0,n10000k0.80i4,False,0.01
10000,0.8,dijkstra,0.002959879999991699,8000.0,n10000k0.80i4,False,0.01
10000,0.8,dijkstra,0.002906079999974054,8000.0,n10000k0.80i4,False,0.01
10000,0.8,sssp_duan_et_al,0.0015949599999771635,8000.0,n10000k0.80i4,False,0.01
10000,0.8,sssp_duan_et_al,0.001535439999997834,8000.0,n10000k0.80i4,False,0.01
10000,0.8,sssp_duan_et_al,0.0015218400000094334,8000.0,n10000k0.80i4,False,0.01
10000,0.8,sssp_duan_et_al,0.0015364399999953093,8000.0,n10000k0.80i4,False,0.01
10000,0.8,sssp_duan_et_al,0.001496840000015709,8000.0,n10000k0.80i4,False,0.01
10000,0.8,sssp_duan_et_al_iter,0.0015509600000029877,8000.0,n10000k0.80i4,False,0.01
10000,0.8,sssp_duan_et_al_iter,0.0014954799999884472,8000.0,n10000k0.80i4,False,0.01
10000,0.8,sssp_duan_et_al_iter,0.0014873199999954068,8000.0,n10000k0.80i4,False,0.01
10000,0.8,sssp_duan_et_al_iter,0.0014866399999959867,8000.0,n10000k0.80i4,False,0.01
10000,0.8,sssp_duan_et_al_iter,0.0014887199999975564,8000.0,n10000k0.80i4,False,0.01
10000,0.7,dijkstra,0.0029643999999962034,7000.0,n10000k0.70i0,False,0.06
10000,0.7,dijkstra,0.0027860799999928076,7000.0,n10000k0.70i0,False,0.06
10000,0.7,dijkstra,0.0026905599999906826,7000.0,n10000k0.70i0,False,0.06
10000,0.7,dijkstra,0.0026252800000179377,7000.0,n10000k0.70i0,False,0.06
10000,0.7,dijkstra,0.0025752399999987574,7000.0,n10000k0.70i0,False,0.06
10000,0.7,sssp_duan_et_al,0.0015303600000038386,7000.0,n10000k0.70i0,False,0.06
10000,0.7,sssp_duan_et_al,0.0014291599999864957,7000.0,n10000k0.70i0,False,0.06
10000,0.7,sssp_duan_et_al,0.0014141599999959453,7000.0,n10000k0.70i0,False,0.06
10000,0.7,sssp_duan_et_al,0.001400759999995671,7000.0,n10000k0.70i0,False,0.06
10000,0.7,sssp_duan_et_al,0.0014258799999993244,7000.0,n10000k0.70i0,False,0.06
10000,0.7,sssp_duan_et_al_iter,0.0014224000000240267,7000.0,n10000k0.70i0,False,0.06
10000,0.7,sssp_duan_et_al_iter,0.0014160799999842766,7000.0,n10000k0.70i0,False,0.06
10000,0.7,sssp_duan_et_al_iter,0.001414199999999255,7000.0,n10000k0.70i0,False,0.06
10000,0.7,sssp_duan_et_al_iter,0.0014155199999947854,7000.0,n10000k0.70i0,False,0.06
10000,0.7,sssp_duan_et_al_iter,0.0014054400000134137,7000.0,n10000k0.70i0,False,0.06
10000,0.7,dijkstra,0.003283920000001217,7000.0,n10000k0.70i1,False,0.01
10000,0.7,dijkstra,0.0030003600000156894,7000.0,n10000k0.70i1,False,0.01
10000,0.7,dijkstra,0.0027872799999784093,7000.0,n10000k0.70i1,False,0.01
10000,0.7,dijkstra,0.0027677200000084667,7000.0,n10000k0.70i1,False,0.01
10000,0.7,dijkstra,0.002728079999997135,7000.0,n10000k0.70i1,False,0.01
10000,0.7,sssp_duan_et_al,0.0014343999999937296,7000.0,n10000k0.70i1,False,0.01
10000,0.7,sssp_duan_et_al,0.0014128399999719932,7000.0,n10000k0.70i1,False,0.01
10000,0.7,sssp_duan_et_al,0.0013370400000098925,7000.0,n10000k0.70i1,False,0.01
10000,0.7,sssp_duan_et_al,0.0013668800000061765,7000.0,n10000k0.70i1,False,0.01
10000,0.7,sssp_duan_et_al,0.0013124799999957304,7000.0,n10000k0.70i1,False,0.01
10000,0.7,sssp_duan_et_al_iter,0.0013482399999986683,7000.0,n10000k0.70i1,False,0.01
10000,0.7,sssp_duan_et_al_iter,0.0013116400000114936,7000.0,n10000k0.70i1,False,0.01
10000,0.7,sssp_duan_et_al_iter,0.0013428799999815055,7000.0,n10000k0.70i1,False,0.01
10000,0.7,sssp_duan_et_al_iter,0.0013160000000027594,7000.0,n10000k0.70i1,False,0.01
10000,0.7,sssp_duan_et_al_iter,0.0013992799999869021,7000.0,n10000k0.70i1,False,0.01
10000,0.7,dijkstra,0.0029002799999773288,7000.0,n10000k0.70i2,False,0.04
10000,0.7,dijkstra,0.002719079999991436,7000.0,n10000k0.70i2,False,0.04
10000,0.7,dijkstra,0.002660200000008217,7000.0,n10000k0.70i2,False,0.04
10000,0.7,dijkstra,0.0026626800000144613,7000.0,n10000k0.70i2,False,0.04
10000,0.7,dijkstra,0.0026268800000082138,7000.0,n10000k0.70i2,False,0.04
10000,0.7,sssp_duan_et_al,0.0014914799999985462,7000.0,n10000k0.70i2,False,0.04
10000,0.7,sssp_duan_et_al,0.0014690800000209947,7000.0,n10000k0.70i2,False,0.04
10000,0.7,sssp_duan_et_al,0.0014101600000060444,7000.0,n10000k0.70i2,False,0.04
10000,0.7,sssp_duan_et_al,0.0013958000000116044,7000.0,n10000k0.70i2,False,0.04
10000,0.7,sssp_duan_et_al,0.001401200000003655,7000.0,n10000k0.70i2,False,0.04
10000,0.7,sssp_duan_et_al_iter,0.0014192799999932504,7000.0,n10000k0.70i2,False,0.04
10000,0.7,sssp_duan_et_al_iter,0.0014096400000198628,7000.0,n10000k0.70i2,False,0.04
10000,0.7,sssp_duan_et_al_iter,0.0013953200000003108,7000.0,n10000k0.70i2,False,0.04
10000,0.7,sssp_duan_et_al_iter,0.0013951200000121844,7000.0,n10000k0.70i2,False,0.04
10000,0.7,sssp_duan_et_al_iter,0.0014233999999930802,7000.0,n10000k0.70i2,False,0.04
10000,0.7,dijkstra,0.002619200000026467,7000.0,n10000k0.70i3,False,0.03
10000,0.7,dijkstra,0.002564839999990909,7000.0,n10000k0.70i3,False,0.03
10000,0.7,dijkstra,0.0024997200000029807,7000.0,n10000k0.70i3,False,0.03
10000,0.7,dijkstra,0.0025077200000112043,7000.0,n10000k0.70i3,False,0.03
10000,0.7,dijkstra,0.0024630800000124964,7000.0,n10000k0.70i3,False,0.03
10000,0.7,sssp_duan_et_al,0.001438880000023346,7000.0,n10000k0.70i3,False,0.03
10000,0.7,sssp_duan_et_al,0.0013787999999976819,7000.0,n10000k0.70i3,False,0.03
10000,0.7,sssp_duan_et_al,0.0013587999999913336,7000.0,n10000k0.70i3,False,0.03
10000,0.7,sssp_duan_et_al,0.0013214399999981197,7000.0,n10000k0.70i3,False,0.03
10000,0.7,sssp_duan_et_al,0.0013620800000069266,7000.0,n10000k0.70i3,False,0.03
10000,0.7,sssp_duan_et_al_iter,0.0013743199999964872,7000.0,n10000k0.70i3,False,0.03
10000,0.7,sssp_duan_et_al_iter,0.0013577999999938584,7000.0,n10000k0.70i3,False,0.03
10000,0.7,sssp_duan_et_al_iter,0.001356680000014876,7000.0,n10000k0.70i3,False,0.03
10000,0.7,sssp_duan_et_al_iter,0.0013748400000110905,7000.0,n10000k0.70i3,False,0.03
10000,0.7,sssp_duan_et_al_iter,0.001348280000001978,7000.0,n10000k0.70i3,False,0.03
10000,0.7,dijkstra,0.0028331999999977597,7000.0,n10000k0.70i4,False,0.02
10000,0.7,dijkstra,0.0025309200000265264,7000.0,n10000k0.70i4,False,0.02
10000,0.7,dijkstra,0.002505000000013524,7000.0,n10000k0.70i4,False,0.02
10000,0.7,dijkstra,0.002523480000007794,7000.0,n10000k0.70i4,False,0.02
10000,0.7,dijkstra,0.0025203600000054394,7000.0,n10000k0.70i4,False,0.02
10000,0.7,sssp_duan_et_al,0.0015091600000118888,7000.0,n10000k0.70i4,False,0.02
10000,0.7,sssp_duan_et_al,0.0014347599999950944,7000.0,n10000k0.70i4,False,0.02
10000,0.7,sssp_duan_et_al,0.0014596800000106214,7000.0,n10000k0.70i4,False,0.02
10000,0.7,sssp_duan_et_al,0.0013910400000156642,7000.0,n10000k0.70i4,False,0.02
10000,0.7,sssp_duan_et_al,0.0014615999999989526,7000.0,n10000k0.70i4,False,0.02
10000,0.7,sssp_duan_et_al_iter,0.001448240000001988,7000.0,n10000k0.70i4,False,0.02
10000,0.7,sssp_duan_et_al_iter,0.0014077599999779977,7000.0,n10000k0.70i4,False,0.02
10000,0.7,sssp_duan_et_al_iter,0.0014367600000184666,7000.0,n10000k0.70i4,False,0.02
10000,0.7,sssp_duan_et_al_iter,0.0014485199999967335,7000.0,n10000k0.70i4,False,0.02
10000,0.7,sssp_duan_et_al_iter,0.0014166400000021895,7000.0,n10000k0.70i4,False,0.02
10000,0.5,dijkstra,0.0020196000000112235,5000.0,n10000k0.50i0,False,0.01
10000,0.5,dijkstra,0.002222679999988486,5000.0,n10000k0.50i0,False,0.01
10000,0.5,dijkstra,0.0019266399999935402,5000.0,n10000k0.50i0,False,0.01
10000,0.5,dijkstra,0.0018362000000138323,5000.0,n10000k0.50i0,False,0.01
10000,0.5,dijkstra,0.0018332799999996041,5000.0,n10000k0.50i0,False,0.01
10000,0.5,sssp_duan_et_al,0.0011194799999998395,5000.0,n10000k0.50i0,False,0.01
10000,0.5,sssp_duan_et_al,0.0010220000000060736,5000.0,n10000k0.50i0,False,0.01
10000,0.5,sssp_duan_et_al,0.0009992399999987356,5000.0,n10000k0.50i0,False,0.01
10000,0.5,sssp_duan_et_al,0.0010159999999928004,5000.0,n10000k0.50i0,False,0.01
10000,0.5,sssp_duan_et_al,0.0009927600000025905,5000.0,n10000k0.50i0,False,0.01
10000,0.5,sssp_duan_et_al_iter,0.0010036799999966206,5000.0,n10000k0.50i0,False,0.01
10000,0.5,sssp_duan_et_al_iter,0.0010696399999972073,5000.0,n10000k0.50i0,False,0.01
10000,0.5,sssp_duan_et_al_iter,0.0010246399999971345,5000.0,n10000k0.50i0,False,0.01
10000,0.5,sssp_duan_et_al_iter,0.0010291999999765267,5000.0,n10000k0.50i0,False,0.01
10000,0.5,sssp_duan_et_al_iter,0.0010098799999980201,5000.0,n10000k0.50i0,False,0.01
10000,0.5,dijkstra,0.0019838799999831735,5000.0,n10000k0.50i1,False,0.02
10000,0.5,dijkstra,0.0017979600000046503,5000.0,n10000k0.50i1,False,0.02
10000,0.5,dijkstra,0.0018538000000205557,5000.0,n10000k0.50i1,False,0.02
10000,0.5,dijkstra,0.001817599999981212,5000.0,n10000k0.50i1,False,0.02
10000,0.5,dijkstra,0.0017904799999826082,5000.0,n10000k0.50i1,False,0.02
10000,0.5,sssp_duan_et_al,0.0011691599999892333,5000.0,n10000k0.50i1,False,0.02
10000,0.5,sssp_duan_et_al,0.0010589999999979227,5000.0,n10000k0.50i1,False,0.02
10000,0.5,sssp_duan_et_al,0.0010239199999944049,5000.0,n10000k0.50i1,False,0.02
10000,0.5,sssp_duan_et_al,0.001069200000017645,5000.0,n10000k0.50i1,False,0.02
10000,0.5,sssp_duan_et_al,0.0010349199999950542,5000.0,n10000k0.50i1,False,0.02
10000,0.5,sssp_duan_et_al_iter,0.001038359999995464,5000.0,n10000k0.50i1,False,0.02
10000,0.5,sssp_duan_et_al_iter,0.0010330800000133422,5000.0,n10000k0.50i1,False,0.02
10000,0.5,sssp_duan_et_al_iter,0.0010273999999981243,5000.0,n10000k0.50i1,False,0.02
10000,0.5,sssp_duan_et_al_iter,0.0010605999999881988,5000.0,n10000k0.50i1,False,0.02
10000,0.5,sssp_duan_et_al_iter,0.001027759999999489,5000.0,n10000k0.50i1,False,0.02
10000,0.5,dijkstra,0.002041079999997919,5000.0,n10000k0.50i2,False,0.02
10000,0.5,dijkstra,0.001866199999994933,5000.0,n10000k0.50i2,False,0.02
10000,0.5,dijkstra,0.0018902399999944919,5000.0,n10000k0.50i2,False,0.02
10000,0.5,dijkstra,0.0018415199999992637,5000.0,n10000k0.50i2,False,0.02
10000,0.5,dijkstra,0.0018045200000074146,5000.0,n10000k0.50i2,False,0.02
10000,0.5,sssp_duan_et_al,0.0011447200000134217,5000.0,n10000k0.50i2,False,0.02
10000,0.5,sssp_duan_et_al,0.0010393599999929393,5000.0,n10000k0.50i2,False,0.02
10000,0.5,sssp_duan_et_al,0.0010262400000158323,5000.0,n10000k0.50i2,False,0.02
10000,0.5,sssp_duan_et_al,0.0010472800000229654,5000.0,n10000k0.50i2,False,0.02
10000,0.5,sssp_duan_et_al,0.0010417200000176763,5000.0,n10000k0.50i2,False,0.02
10000,0.5,sssp_duan_et_al_iter,0.0010412400000063826,5000.0,n10000k0.50i2,False,0.02
10000,0.5,sssp_duan_et_al_iter,0.0010341999999923246,5000.0,n10000k0.50i2,False,0.02
10000,0.5,sssp_duan_et_al_iter,0.0010201199999926303,5000.0,n10000k0.50i2,False,0.02
10000,0.5,sssp_duan_et_al_iter,0.001067040000009456,5000.0,n10000k0.50i2,False,0.02
10000,0.5,sssp_duan_et_al_iter,0.0010272400000133075,5000.0,n10000k0.50i2,False,0.02
10000,0.5,dijkstra,0.002100399999989122,5000.0,n10000k0.50i3,False,0.02
10000,0.5,dijkstra,0.0019362400000204616,5000.0,n10000k0.50i3,False,0.02
10000,0.5,dijkstra,0.0019058800000095744,5000.0,n10000k0.50i3,False,0.02
10000,0.5,dijkstra,0.00191571999999951,5000.0,n10000k0.50i3,False,0.02
10000,0.5,dijkstra,0.0018675999999970827,5000.0,n10000k0.50i3,False,0.02
10000,0.5,sssp_duan_et_al,0.0011568399999930534,5000.0,n10000k0.50i3,False,0.02
10000,0.5,sssp_duan_et_al,0.0010484000000019478,5000.0,n10000k0.50i3,False,0.02
10000,0.5,sssp_duan_et_al,0.001104840000010654,5000.0,n10000k0.50i3,False,0.02
10000,0.5,sssp_duan_et_al,0.0010603600000251845,5000.0,n10000k0.50i3,False,0.02
10000,0.5,sssp_duan_et_al,0.0010514399999976831,5000.0,n10000k0.50i3,False,0.02
10000,0.5,sssp_duan_et_al_iter,0.00109072000000765,5000.0,n10000k0.50i3,False,0.02
10000,0.5,sssp_duan_et_al_iter,0.0010560400000088066,5000.0,n10000k0.50i3,False,0.02
10000,0.5,sssp_duan_et_al_iter,0.0010493200000212255,5000.0,n10000k0.50i3,False,0.02
10000,0.5,sssp_duan_et_al_iter,0.0010565600000234099,5000.0,n10000k0.50i3,False,0.02
10000,0.5,sssp_duan_et_al_iter,0.0010458399999890844,5000.0,n10000k0.50i3,False,0.02
10000,0.5,dijkstra,0.002033240000002934,5000.0,n10000k0.50i4,False,0.06
10000,0.5,dijkstra,0.001972879999982524,5000.0,n10000k0.50i4,False,0.06
10000,0.5,dijkstra,0.0019111199999883866,5000.0,n10000k0.50i4,False,0.06
10000,0.5,dijkstra,0.0019011600000169437,5000.0,n10000k0.50i4,False,0.06
10000,0.5,dijkstra,0.0019437999999922795,5000.0,n10000k0.50i4,False,0.06
10000,0.5,sssp_duan_et_al,0.0012120000000095388,5000.0,n10000k0.50i4,False,0.06
10000,0.5,sssp_duan_et_al,0.001127400000001444,5000.0,n10000k0.50i4,False,0.06
10000,0.5,sssp_duan_et_al,0.0011244000000090182,5000.0,n10000k0.50i4,False,0.06
10000,0.5,sssp_duan_et_al,0.0011039999999979955,5000.0,n10000k0.50i4,False,0.06
10000,0.5,sssp_duan_et_al,0.0011065200000075492,5000.0,n10000k0.50i4,False,0.06
10000,0.5,sssp_duan_et_al_iter,0.0011107199999855766,5000.0,n10000k0.50i4,False,0.06
10000,0.5,sssp_duan_et_al_iter,0.0011281200000041736,5000.0,n10000k0.50i4,False,0.06
10000,0.5,sssp_duan_et_al_iter,0.0011077200000215726,5000.0,n10000k0.50i4,False,0.06
10000,0.5,sssp_duan_et_al_iter,0.0011007999999890217,5000.0,n10000k0.50i4,False,0.06
10000,0.5,sssp_duan_et_al_iter,0.0011100399999861565,5000.0,n10000k0.50i4,False,0.06
50000,5,dijkstra,1.017698480000007,250000,n50000k5.00i0,False,402.142
50000,5,dijkstra,1.1006599199999982,250000,n50000k5.00i0,False,402.142
50000,5,dijkstra,1.143221120000021,250000,n50000k5.00i0,False,402.142
50000,5,dijkstra,1.0994381999999803,250000,n50000k5.00i0,False,402.142
50000,5,dijkstra,1.0779906799999992,250000,n50000k5.00i0,False,402.142
50000,5,sssp_duan_et_al,37.540546120000016,250000,n50000k5.00i0,False,402.142
50000,5,sssp_duan_et_al,38.390728120000006,250000,n50000k5.00i0,False,402.142
50000,5,sssp_duan_et_al,38.83113820000003,250000,n50000k5.00i0,False,402.142
50000,5,sssp_duan_et_al,38.29858727999999,250000,n50000k5.00i0,False,402.142
50000,5,sssp_duan_et_al,39.46154616000001,250000,n50000k5.00i0,False,402.142
50000,5,sssp_duan_et_al_iter,39.46260940000002,250000,n50000k5.00i0,False,402.142
50000,5,sssp_duan_et_al_iter,39.779588839999974,250000,n50000k5.00i0,False,402.142
50000,5,sssp_duan_et_al_iter,38.985894959999996,250000,n50000k5.00i0,False,402.142
50000,5,sssp_duan_et_al_iter,40.931476720000035,250000,n50000k5.00i0,False,402.142
50000,5,sssp_duan_et_al_iter,38.831956160000004,250000,n50000k5.00i0,False,402.142
50000,5,dijkstra,1.196472559999961,250000,n50000k5.00i1,False,403.484
50000,5,dijkstra,1.1814922799999295,250000,n50000k5.00i1,False,403.484
50000,5,dijkstra,1.1342036000000917,250000,n50000k5.00i1,False,403.484
50000,5,dijkstra,1.1285830000000487,250000,n50000k5.00i1,False,403.484
50000,5,dijkstra,1.1394943599999579,250000,n50000k5.00i1,False,403.484
50000,5,sssp_duan_et_al,41.54152220000003,250000,n50000k5.00i1,False,403.484
50000,5,sssp_duan_et_al,41.11049439999999,250000,n50000k5.00i1,False,403.484
50000,5,sssp_duan_et_al,41.304081440000004,250000,n50000k5.00i1,False,403.484
50000,5,sssp_duan_et_al,40.311252319999994,250000,n50000k5.00i1,False,403.484
50000,5,sssp_duan_et_al,41.47599416000003,250000,n50000k5.00i1,False,403.484
50000,5,sssp_duan_et_al_iter,40.53012975999991,250000,n50000k5.00i1,False,403.484
50000,5,sssp_duan_et_al_iter,41.30322816,250000,n50000k5.00i1,False,403.484
50000,5,sssp_duan_et_al_iter,41.12203120000004,250000,n50000k5.00i1,False,403.484
50000,5,sssp_duan_et_al_iter,41.91654099999994,250000,n50000k5.00i1,False,403.484
50000,5,sssp_duan_et_al_iter,40.76414763999992,250000,n50000k5.00i1,False,403.484
50000,5,dijkstra,1.2575745599999664,250000,n50000k5.00i2,False,402.846
50000,5,dijkstra,1.1985707200000206,250000,n50000k5.00i2,False,402.846
50000,5,dijkstra,1.157626960000016,250000,n50000k5.00i2,False,402.846
50000,5,dijkstra,1.1794925200000534,250000,n50000k5.00i2,False,402.846
50000,5,dijkstra,1.1661328799999637,250000,n50000k5.00i2,False,402.846
50000,5,sssp_duan_et_al,42.62556907999999,250000,n50000k5.00i2,False,402.846
50000,5,sssp_duan_et_al,41.666097960000116,250000,n50000k5.00i2,False,402.846
50000,5,sssp_duan_et_al,43.569967200000065,250000,n50000k5.00i2,False,402.846
50000,5,sssp_duan_et_al,42.39674960000002,250000,n50000k5.00i2,False,402.846
50000,5,sssp_duan_et_al,42.564368120000154,250000,n50000k5.00i2,False,402.846
50000,5,sssp_duan_et_al_iter,42.24790392,250000,n50000k5.00i2,False,402.846
50000,5,sssp_duan_et_al_iter,43.2805470400001,250000,n50000k5.00i2,False,402.846
50000,5,sssp_duan_et_al_iter,41.73263743999996,250000,n50000k5.00i2,False,402.846
50000,5,sssp_duan_et_al_iter,43.758464600000025,250000,n50000k5.00i2,False,402.846
50000,5,sssp_duan_et_al_iter,43.43475960000001,250000,n50000k5.00i2,False,402.846
50000,5,dijkstra,1.2371342400001595,250000,n50000k5.00i3,False,401.776
50000,5,dijkstra,1.2147306399999707,250000,n50000k5.00i3,False,401.776
50000,5,dijkstra,1.157418479999933,250000,n50000k5.00i3,False,401.776
50000,5,dijkstra,1.162078719999954,250000,n50000k5.00i3,False,401.776
50000,5,dijkstra,1.1810307200000807,250000,n50000k5.00i3,False,401.776
50000,5,sssp_duan_et_al,38.476926880000065,250000,n50000k5.00i3,False,401.776
50000,5,sssp_duan_et_al,37.48884436000003,250000,n50000k5.00i3,False,401.776
50000,5,sssp_duan_et_al,38.7471840799999,250000,n50000k5.00i3,False,401.776
50000,5,sssp_duan_et_al,38.10758084000008,250000,n50000k5.00i3,False,401.776
50000,5,sssp_duan_et_al,37.85710868000001,250000,n50000k5.00i3,False,401.776
50000,5,sssp_duan_et_al_iter,37.91203036000002,250000,n50000k5.00i3,False,401.776
50000,5,sssp_duan_et_al_iter,37.95690567999986,250000,n50000k5.00i3,False,401.776
50000,5,sssp_duan_et_al_iter,39.063130080000064,250000,n50000k5.00i3,False,401.776
50000,5,sssp_duan_et_al_iter,38.91919572000006,250000,n50000k5.00i3,False,401.776
50000,5,sssp_duan_et_al_iter,38.23139855999989,250000,n50000k5.00i3,False,401.776
50000,5,dijkstra,1.1648277199999484,250000,n50000k5.00i4,False,401.438
50000,5,dijkstra,1.2181024000001344,250000,n50000k5.00i4,False,401.438
50000,5,dijkstra,1.1635947600000236,250000,n50000k5.00i4,False,401.438
50000,5,dijkstra,1.1520842799998263,250000,n50000k5.00i4,False,401.438
50000,5,dijkstra,1.2104180399999223,250000,n50000k5.00i4,False,401.438
50000,5,sssp_duan_et_al,39.89388228000007,250000,n50000k5.00i4,False,401.438
50000,5,sssp_duan_et_al,39.47894887999996,250000,n50000k5.00i4,False,401.438
50000,5,sssp_duan_et_al,40.114828519999946,250000,n50000k5.00i4,False,401.438
50000,5,sssp_duan_et_al,39.09433399999989,250000,n50000k5.00i4,False,401.438
50000,5,sssp_duan_et_al,39.404026880000174,250000,n50000k5.00i4,False,401.438
50000,5,sssp_duan_et_al_iter,39.54835980000007,250000,n50000k5.00i4,False,401.438
50000,5,sssp_duan_et_al_iter,39.03644235999991,250000,n50000k5.00i4,False,401.438
50000,5,sssp_duan_et_al_iter,39.00107412000034,250000,n50000k5.00i4,False,401.438
50000,5,sssp_duan_et_al_iter,42.008184119999896,250000,n50000k5.00i4,False,401.438
50000,5,sssp_duan_et_al_iter,41.35449384000003,250000,n50000k5.00i4,False,401.438
50000,3,dijkstra,0.5918453999997837,150000,n50000k3.00i0,False,211.78
50000,3,dijkstra,0.5927923599997484,150000,n50000k3.00i0,False,211.78
50000,3,dijkstra,0.6131956799999898,150000,n50000k3.00i0,False,211.78
50000,3,dijkstra,0.5949417200004063,150000,n50000k3.00i0,False,211.78
50000,3,dijkstra,0.5997252799998023,150000,n50000k3.00i0,False,211.78
50000,3,sssp_duan_et_al,15.902076840000063,150000,n50000k3.00i0,False,211.78
50000,3,sssp_duan_et_al,15.696248920000016,150000,n50000k3.00i0,False,211.78
50000,3,sssp_duan_et_al,16.28796543999988,150000,n50000k3.00i0,False,211.78
50000,3,sssp_duan_et_al,16.044703279999794,150000,n50000k3.00i0,False,211.78
50000,3,sssp_duan_et_al,16.181841200000235,150000,n50000k3.00i0,False,211.78
50000,3,sssp_duan_et_al_iter,16.32512768000015,150000,n50000k3.00i0,False,211.78
50000,3,sssp_duan_et_al_iter,16.270352679999633,150000,n50000k3.00i0,False,211.78
50000,3,sssp_duan_et_al_iter,15.891418480000084,150000,n50000k3.00i0,False,211.78
50000,3,sssp_duan_et_al_iter,16.040074800000184,150000,n50000k3.00i0,False,211.78
50000,3,sssp_duan_et_al_iter,16.084152879999692,150000,n50000k3.00i0,False,211.78
50000,3,dijkstra,0.5985596000000442,150000,n50000k3.00i1,False,210.91199999999998
50000,3,dijkstra,0.6009952399999747,150000,n50000k3.00i1,False,210.91199999999998
50000,3,dijkstra,0.5930630000002566,150000,n50000k3.00i1,False,210.91199999999998
50000,3,dijkstra,0.601382520000243,150000,n50000k3.00i1,False,210.91199999999998
50000,3,dijkstra,0.6030900400000974,150000,n50000k3.00i1,False,210.91199999999998
50000,3,sssp_duan_et_al,18.332954959999824,150000,n50000k3.00i1,False,210.91199999999998
50000,3,sssp_duan_et_al,18.589286479999828,150000,n50000k3.00i1,False,210.91199999999998
50000,3,sssp_duan_et_al,18.904954480000015,150000,n50000k3.00i1,False,210.91199999999998
50000,3,sssp_duan_et_al,18.3351958799999,150000,n50000k3.00i1,False,210.91199999999998
50000,3,sssp_duan_et_al,18.60149339999998,150000,n50000k3.00i1,False,210.91199999999998
50000,3,sssp_duan_et_al_iter,19.285915919999752,150000,n50000k3.00i1,False,210.91199999999998
50000,3,sssp_duan_et_al_iter,18.7583741200001,150000,n50000k3.00i1,False,210.91199999999998
50000,3,sssp_duan_et_al_iter,18.76481535999983,150000,n50000k3.00i1,False,210.91199999999998
50000,3,sssp_duan_et_al_iter,18.92215479999959,150000,n50000k3.00i1,False,210.91199999999998
50000,3,sssp_duan_et_al_iter,19.213910639999995,150000,n50000k3.00i1,False,210.91199999999998
50000,3,dijkstra,0.5941281999998864,150000,n50000k3.00i2,False,210.506
50000,3,dijkstra,0.5769027999999707,150000,n50000k3.00i2,False,210.506
50000,3,dijkstra,0.5707006799998453,150000,n50000k3.00i2,False,210.506
50000,3,dijkstra,0.5666697999999997,150000,n50000k3.00i2,False,210.506
50000,3,dijkstra,0.5755078000001959,150000,n50000k3.00i2,False,210.506
50000,3,sssp_duan_et_al,14.656881520000297,150000,n50000k3.00i2,False,210.506
50000,3,sssp_duan_et_al,14.849138720000155,150000,n50000k3.00i2,False,210.506
50000,3,sssp_duan_et_al,15.04403572000001,150000,n50000k3.00i2,False,210.506
50000,3,sssp_duan_et_al,14.99268291999988,150000,n50000k3.00i2,False,210.506
50000,3,sssp_duan_et_al,14.9516693999999,150000,n50000k3.00i2,False,210.506
50000,3,sssp_duan_et_al_iter,15.024263000000246,150000,n50000k3.00i2,False,210.506
50000,3,sssp_duan_et_al_iter,15.124631079999745,150000,n50000k3.00i2,False,210.506
50000,3,sssp_duan_et_al_iter,14.87461803999986,150000,n50000k3.00i2,False,210.506
50000,3,sssp_duan_et_al_iter,15.513953000000129,150000,n50000k3.00i2,False,210.506
50000,3,sssp_duan_et_al_iter,15.037994119999894,150000,n50000k3.00i2,False,210.506
50000,3,dijkstra,0.591958920000252,150000,n50000k3.00i3,False,211.64800000000002
50000,3,dijkstra,0.6015539200002422,150000,n50000k3.00i3,False,211.64800000000002
50000,3,dijkstra,0.6212888800000655,150000,n50000k3.00i3,False,211.64800000000002
50000,3,dijkstra,0.6116409199998998,150000,n50000k3.00i3,False,211.64800000000002
50000,3,dijkstra,0.6067344399998547,150000,n50000k3.00i3,False,211.64800000000002
50000,3,sssp_duan_et_al,18.14584459999969,150000,n50000k3.00i3,False,211.64800000000002
50000,3,sssp_duan_et_al,18.3113386,150000,n50000k3.00i3,False,211.64800000000002
50000,3,sssp_duan_et_al,18.2238594800001,150000,n50000k3.00i3,False,211.64800000000002
50000,3,sssp_duan_et_al,17.976276039999902,150000,n50000k3.00i3,False,211.64800000000002
50000,3,sssp_duan_et_al,17.930005080000228,150000,n50000k3.00i3,False,211.64800000000002
50000,3,sssp_duan_et_al_iter,18.55049947999987,150000,n50000k3.00i3,False,211.64800000000002
50000,3,sssp_duan_et_al_iter,18.5174354400001,150000,n50000k3.00i3,False,211.64800000000002
50000,3,sssp_duan_et_al_iter,18.42013695999958,150000,n50000k3.00i3,False,211.64800000000002
50000,3,sssp_duan_et_al_iter,18.70763808000038,150000,n50000k3.00i3,False,211.64800000000002
50000,3,sssp_duan_et_al_iter,18.55912427999965,150000,n50000k3.00i3,False,211.64800000000002
50000,3,dijkstra,0.6055205200000273,150000,n50000k3.00i4,False,210.332
50000,3,dijkstra,0.5875168399998074,150000,n50000k3.00i4,False,210.332
50000,3,dijkstra,0.5845014400001673,150000,n50000k3.00i4,False,210.332
50000,3,dijkstra,0.5790759599999546,150000,n50000k3.00i4,False,210.332
50000,3,dijkstra,0.56616675999976,150000,n50000k3.00i4,False,210.332
50000,3,sssp_duan_et_al,16.827579960000094,150000,n50000k3.00i4,False,210.332
50000,3,sssp_duan_et_al,16.90174160000015,150000,n50000k3.00i4,False,210.332
50000,3,sssp_duan_et_al,17.210595800000192,150000,n50000k3.00i4,False,210.332
50000,3,sssp_duan_et_al,16.901632359999894,150000,n50000k3.00i4,False,210.332
50000,3,sssp_duan_et_al,17.023630559999674,150000,n50000k3.00i4,False,210.332
50000,3,sssp_duan_et_al_iter,17.483709320000344,150000,n50000k3.00i4,False,210.332
50000,3,sssp_duan_et_al_iter,17.528770039999927,150000,n50000k3.00i4,False,210.332
50000,3,sssp_duan_et_al_iter,17.109219320000193,150000,n50000k3.00i4,False,210.332
50000,3,sssp_duan_et_al_iter,17.395563279999806,150000,n50000k3.00i4,False,210.332
50000,3,sssp_duan_et_al_iter,17.609608000000208,150000,n50000k3.00i4,False,210.332
50000,1,dijkstra,0.06028384000001097,50000,n50000k1.00i0,False,0.004
50000,1,dijkstra,0.044185920000018086,50000,n50000k1.00i0,False,0.004
50000,1,dijkstra,0.04128708000007464,50000,n50000k1.00i0,False,0.004
50000,1,dijkstra,0.04221239999969839,50000,n50000k1.00i0,False,0.004
50000,1,dijkstra,0.040312399999947957,50000,n50000k1.00i0,False,0.004
50000,1,sssp_duan_et_al,0.013382399999954941,50000,n50000k1.00i0,False,0.004
50000,1,sssp_duan_et_al,0.013400719999935973,50000,n50000k1.00i0,False,0.004
50000,1,sssp_duan_et_al,0.012971440000001166,50000,n50000k1.00i0,False,0.004
50000,1,sssp_duan_et_al,0.012624439999854076,50000,n50000k1.00i0,False,0.004
50000,1,sssp_duan_et_al,0.012895159999970929,50000,n50000k1.00i0,False,0.004
50000,1,sssp_duan_et_al_iter,0.01271439999982249,50000,n50000k1.00i0,False,0.004
50000,1,sssp_duan_et_al_iter,0.012751519999710581,50000,n50000k1.00i0,False,0.004
50000,1,sssp_duan_et_al_iter,0.01317352000023675,50000,n50000k1.00i0,False,0.004
50000,1,sssp_duan_et_al_iter,0.013261759999750211,50000,n50000k1.00i0,False,0.004
50000,1,sssp_duan_et_al_iter,0.01328564000004917,50000,n50000k1.00i0,False,0.004
50000,1,dijkstra,0.04209975999992821,50000,n50000k1.00i1,False,0.002
50000,1,dijkstra,0.03992807999975412,50000,n50000k1.00i1,False,0.002
50000,1,dijkstra,0.038259280000147555,50000,n50000k1.00i1,False,0.002
50000,1,dijkstra,0.03955532000009043,50000,n50000k1.00i1,False,0.002
50000,1,dijkstra,0.039351519999854645,50000,n50000k1.00i1,False,0.002
50000,1,sssp_duan_et_al,0.01351092000004428,50000,n50000k1.00i1,False,0.002
50000,1,sssp_duan_et_al,0.01303671999994549,50000,n50000k1.00i1,False,0.002
50000,1,sssp_duan_et_al,0.013034280000283616,50000,n50000k1.00i1,False,0.002
50000,1,sssp_duan_et_al,0.012553080000088812,50000,n50000k1.00i1,False,0.002
50000,1,sssp_duan_et_al,0.012808039999981702,50000,n50000k1.00i1,False,0.002
50000,1,sssp_duan_et_al_iter,0.012857440000061615,50000,n50000k1.00i1,False,0.002
50000,1,sssp_duan_et_al_iter,0.012413879999712663,50000,n50000k1.00i1,False,0.002
50000,1,sssp_duan_et_al_iter,0.012862479999967036,50000,n50000k1.00i1,False,0.002
50000,1,sssp_duan_et_al_iter,0.01258244000018749,50000,n50000k1.00i1,False,0.002
50000,1,sssp_duan_et_al_iter,0.012453439999717375,50000,n50000k1.00i1,False,0.002
50000,1,dijkstra,0.04435880000028192,50000,n50000k1.00i2,False,0.026
50000,1,dijkstra,0.040299920000052225,50000,n50000k1.00i2,False,0.026
50000,1,dijkstra,0.04122800000004645,50000,n50000k1.00i2,False,0.026
50000,1,dijkstra,0.04031832000009672,50000,n50000k1.00i2,False,0.026
50000,1,dijkstra,0.041133800000352494,50000,n50000k1.00i2,False,0.026
50000,1,sssp_duan_et_al,0.013780679999854328,50000,n50000k1.00i2,False,0.026
50000,1,sssp_duan_et_al,0.01348147999988214,50000,n50000k1.00i2,False,0.026
50000,1,sssp_duan_et_al,0.01349975999983144,50000,n50000k1.00i2,False,0.026
50000,1,sssp_duan_et_al,0.013424800000393589,50000,n50000k1.00i2,False,0.026
50000,1,sssp_duan_et_al,0.013361280000026454,50000,n50000k1.00i2,False,0.026
50000,1,sssp_duan_et_al_iter,0.013370359999953507,50000,n50000k1.00i2,False,0.026
50000,1,sssp_duan_et_al_iter,0.013110519999827375,50000,n50000k1.00i2,False,0.026
50000,1,sssp_duan_et_al_iter,0.01350036000030741,50000,n50000k1.00i2,False,0.026
50000,1,sssp_duan_et_al_iter,0.01267712000026222,50000,n50000k1.00i2,False,0.026
50000,1,sssp_duan_et_al_iter,0.013099759999931848,50000,n50000k1.00i2,False,0.026
50000,1,dijkstra,0.037394680000033986,50000,n50000k1.00i3,False,0.002
50000,1,dijkstra,0.033330279999972845,50000,n50000k1.00i3,False,0.002
50000,1,dijkstra,0.035254840000106924,50000,n50000k1.00i3,False,0.002
50000,1,dijkstra,0.038591319999795815,50000,n50000k1.00i3,False,0.002
50000,1,dijkstra,0.03714216000025772,50000,n50000k1.00i3,False,0.002
50000,1,sssp_duan_et_al,0.012635160000172618,50000,n50000k1.00i3,False,0.002
50000,1,sssp_duan_et_al,0.012177359999895998,50000,n50000k1.00i3,False,0.002
50000,1,sssp_duan_et_al,0.012676599999849714,50000,n50000k1.00i3,False,0.002
50000,1,sssp_duan_et_al,0.012679799999659735,50000,n50000k1.00i3,False,0.002
50000,1,sssp_duan_et_al,0.012555520000205433,50000,n50000k1.00i3,False,0.002
50000,1,sssp_duan_et_al_iter,0.012921080000069196,50000,n50000k1.00i3,False,0.002
50000,1,sssp_duan_et_al_iter,0.012979759999780072,50000,n50000k1.00i3,False,0.002
50000,1,sssp_duan_et_al_iter,0.01254635999976017,50000,n50000k1.00i3,False,0.002
50000,1,sssp_duan_et_al_iter,0.012442200000350567,50000,n50000k1.00i3,False,0.002
50000,1,sssp_duan_et_al_iter,0.01268212000013591,50000,n50000k1.00i3,False,0.002
50000,1,dijkstra,0.04003727999997864,50000,n50000k1.00i4,False,0.002
50000,1,dijkstra,0.03578268000001117,50000,n50000k1.00i4,False,0.002
50000,1,dijkstra,0.03567108000015651,50000,n50000k1.00i4,False,0.002
50000,1,dijkstra,0.0366543999998612,50000,n50000k1.00i4,False,0.002
50000,1,dijkstra,0.03932411999994656,50000,n50000k1.00i4,False,0.002
50000,1,sssp_duan_et_al,0.013377279999986058,50000,n50000k1.00i4,False,0.002
50000,1,sssp_duan_et_al,0.012973599999895669,50000,n50000k1.00i4,False,0.002
50000,1,sssp_duan_et_al,0.012458520000109274,50000,n50000k1.00i4,False,0.002
50000,1,sssp_duan_et_al,0.012601960000210966,50000,n50000k1.00i4,False,0.002
50000,1,sssp_duan_et_al,0.012778319999597443,50000,n50000k1.00i4,False,0.002
50000,1,sssp_duan_et_al_iter,0.012491720000070927,50000,n50000k1.00i4,False,0.002
50000,1,sssp_duan_et_al_iter,0.012899320000087755,50000,n50000k1.00i4,False,0.002
50000,1,sssp_duan_et_al_iter,0.012752560000080848,50000,n50000k1.00i4,False,0.002
50000,1,sssp_duan_et_al_iter,0.012667360000250483,50000,n50000k1.00i4,False,0.002
50000,1,sssp_duan_et_al_iter,0.012523999999757507,50000,n50000k1.00i4,False,0.002
50000,0.8,dijkstra,0.03230323999969187,40000.0,n50000k0.80i0,False,0.002
50000,0.8,dijkstra,0.030971799999861105,40000.0,n50000k0.80i0,False,0.002
50000,0.8,dijkstra,0.028507879999779107,40000.0,n50000k0.80i0,False,0.002
50000,0.8,dijkstra,0.030606999999690743,40000.0,n50000k0.80i0,False,0.002
50000,0.8,dijkstra,0.029009159999986878,40000.0,n50000k0.80i0,False,0.002
50000,0.8,sssp_duan_et_al,0.010630159999891475,40000.0,n50000k0.80i0,False,0.002
50000,0.8,sssp_duan_et_al,0.01028887999973449,40000.0,n50000k0.80i0,False,0.002
50000,0.8,sssp_duan_et_al,0.010146839999833901,40000.0,n50000k0.80i0,False,0.002
50000,0.8,sssp_duan_et_al,0.010292880000179139,40000.0,n50000k0.80i0,False,0.002
50000,0.8,sssp_duan_et_al,0.010370240000156628,40000.0,n50000k0.80i0,False,0.002
50000,0.8,sssp_duan_et_al_iter,0.010342399999899499,40000.0,n50000k0.80i0,False,0.002
50000,0.8,sssp_duan_et_al_iter,0.010034679999989748,40000.0,n50000k0.80i0,False,0.002
50000,0.8,sssp_duan_et_al_iter,0.009986600000047474,40000.0,n50000k0.80i0,False,0.002
50000,0.8,sssp_duan_et_al_iter,0.010281719999966299,40000.0,n50000k0.80i0,False,0.002
50000,0.8,sssp_duan_et_al_iter,0.010384440000052564,40000.0,n50000k0.80i0,False,0.002
50000,0.8,dijkstra,0.03201375999969969,40000.0,n50000k0.80i1,False,0.018000000000000002
50000,0.8,dijkstra,0.029208960000232764,40000.0,n50000k0.80i1,False,0.018000000000000002
50000,0.8,dijkstra,0.028307280000262836,40000.0,n50000k0.80i1,False,0.018000000000000002
50000,0.8,dijkstra,0.028710040000078152,40000.0,n50000k0.80i1,False,0.018000000000000002
50000,0.8,dijkstra,0.027892839999822172,40000.0,n50000k0.80i1,False,0.018000000000000002
50000,0.8,sssp_duan_et_al,0.011201720000372006,40000.0,n50000k0.80i1,False,0.018000000000000002
50000,0.8,sssp_duan_et_al,0.010656880000169622,40000.0,n50000k0.80i1,False,0.018000000000000002
50000,0.8,sssp_duan_et_al,0.010856199999579985,40000.0,n50000k0.80i1,False,0.018000000000000002
50000,0.8,sssp_duan_et_al,0.010923559999810095,40000.0,n50000k0.80i1,False,0.018000000000000002
50000,0.8,sssp_duan_et_al,0.010713719999785098,40000.0,n50000k0.80i1,False,0.018000000000000002
50000,0.8,sssp_duan_et_al_iter,0.010699319999730506,40000.0,n50000k0.80i1,False,0.018000000000000002
50000,0.8,sssp_duan_et_al_iter,0.010372040000220295,40000.0,n50000k0.80i1,False,0.018000000000000002
50000,0.8,sssp_duan_et_al_iter,0.010380839999925229,40000.0,n50000k0.80i1,False,0.018000000000000002
50000,0.8,sssp_duan_et_al_iter,0.01054768000039985,40000.0,n50000k0.80i1,False,0.018000000000000002
50000,0.8,sssp_duan_et_al_iter,0.010398280000117666,40000.0,n50000k0.80i1,False,0.018000000000000002
50000,0.8,dijkstra,0.03359940000018469,40000.0,n50000k0.80i2,False,0.004
50000,0.8,dijkstra,0.03451556000027267,40000.0,n50000k0.80i2,False,0.004
50000,0.8,dijkstra,0.03219128000000637,40000.0,n50000k0.80i2,False,0.004
50000,0.8,dijkstra,0.031229079999775422,40000.0,n50000k0.80i2,False,0.004
50000,0.8,dijkstra,0.031558799999857,40000.0,n50000k0.80i2,False,0.004
50000,0.8,sssp_duan_et_al,0.011161839999658696,40000.0,n50000k0.80i2,False,0.004
50000,0.8,sssp_duan_et_al,0.01013676000002306,40000.0,n50000k0.80i2,False,0.004
50000,0.8,sssp_duan_et_al,0.01049304000025586,40000.0,n50000k0.80i2,False,0.004
50000,0.8,sssp_duan_et_al,0.010354239999742276,40000.0,n50000k0.80i2,False,0.004
50000,0.8,sssp_duan_et_al,0.010308440000244445,40000.0,n50000k0.80i2,False,0.004
50000,0.8,sssp_duan_et_al_iter,0.010522519999994984,40000.0,n50000k0.80i2,False,0.004
50000,0.8,sssp_duan_et_al_iter,0.010359639999933279,40000.0,n50000k0.80i2,False,0.004
50000,0.8,sssp_duan_et_al_iter,0.010207159999936266,40000.0,n50000k0.80i2,False,0.004
50000,0.8,sssp_duan_et_al_iter,0.010659319999831496,40000.0,n50000k0.80i2,False,0.004
50000,0.8,sssp_duan_et_al_iter,0.010496119999970688,40000.0,n50000k0.80i2,False,0.004
50000,0.8,dijkstra,0.03364052000006268,40000.0,n50000k0.80i3,False,0.002
50000,0.8,dijkstra,0.03140108000025066,40000.0,n50000k0.80i3,False,0.002
50000,0.8,dijkstra,0.031207760000143026,40000.0,n50000k0.80i3,False,0.002
50000,0.8,dijkstra,0.03077372000007017,40000.0,n50000k0.80i3,False,0.002
50000,0.8,dijkstra,0.029737800000020798,40000.0,n50000k0.80i3,False,0.002
50000,0.8,sssp_duan_et_al,0.011436959999628016,40000.0,n50000k0.80i3,False,0.002
50000,0.8,sssp_duan_et_al,0.011146280000048137,40000.0,n50000k0.80i3,False,0.002
50000,0.8,sssp_duan_et_al,0.010571519999757584,40000.0,n50000k0.80i3,False,0.002
50000,0.8,sssp_duan_et_al,0.010676840000087395,40000.0,n50000k0.80i3,False,0.002
50000,0.8,sssp_duan_et_al,0.013598000000001775,40000.0,n50000k0.80i3,False,0.002
50000,0.8,sssp_duan_et_al_iter,0.010293520000232093,40000.0,n50000k0.80i3,False,0.002
50000,0.8,sssp_duan_et_al_iter,0.010310360000403307,40000.0,n50000k0.80i3,False,0.002
50000,0.8,sssp_duan_et_al_iter,0.010290639999766427,40000.0,n50000k0.80i3,False,0.002
50000,0.8,sssp_duan_et_al_iter,0.010586439999769937,40000.0,n50000k0.80i3,False,0.002
50000,0.8,sssp_duan_et_al_iter,0.010168399999656685,40000.0,n50000k0.80i3,False,0.002
50000,0.8,dijkstra,0.02774439999984679,40000.0,n50000k0.80i4,False,0.01
50000,0.8,dijkstra,0.026617439999881753,40000.0,n50000k0.80i4,False,0.01
50000,0.8,dijkstra,0.028092360000300687,40000.0,n50000k0.80i4,False,0.01
50000,0.8,dijkstra,0.02767420000009224,40000.0,n50000k0.80i4,False,0.01
50000,0.8,dijkstra,0.02689252000027409,40000.0,n50000k0.80i4,False,0.01
50000,0.8,sssp_duan_et_al,0.01061307999998462,40000.0,n50000k0.80i4,False,0.01
50000,0.8,sssp_duan_et_al,0.00999976000002789,40000.0,n50000k0.80i4,False,0.01
50000,0.8,sssp_duan_et_al,0.009851880000042001,40000.0,n50000k0.80i4,False,0.01
50000,0.8,sssp_duan_et_al,0.009798399999908725,40000.0,n50000k0.80i4,False,0.01
50000,0.8,sssp_duan_et_al,0.010048680000181776,40000.0,n50000k0.80i4,False,0.01
50000,0.8,sssp_duan_et_al_iter,0.01020539999990433,40000.0,n50000k0.80i4,False,0.01
50000,0.8,sssp_duan_et_al_iter,0.010196759999871574,40000.0,n50000k0.80i4,False,0.01
50000,0.8,sssp_duan_et_al_iter,0.010235120000288589,40000.0,n50000k0.80i4,False,0.01
50000,0.8,sssp_duan_et_al_iter,0.010261479999826406,40000.0,n50000k0.80i4,False,0.01
50000,0.8,sssp_duan_et_al_iter,0.010184119999848917,40000.0,n50000k0.80i4,False,0.01
50000,0.7,dijkstra,0.02966311999989557,35000.0,n50000k0.70i0,False,0.002
50000,0.7,dijkstra,0.02603852000038387,35000.0,n50000k0.70i0,False,0.002
50000,0.7,dijkstra,0.027008200000182114,35000.0,n50000k0.70i0,False,0.002
50000,0.7,dijkstra,0.025879400000121677,35000.0,n50000k0.70i0,False,0.002
50000,0.7,dijkstra,0.025956519999908778,35000.0,n50000k0.70i0,False,0.002
50000,0.7,sssp_duan_et_al,0.009734400000070309,35000.0,n50000k0.70i0,False,0.002
50000,0.7,sssp_duan_et_al,0.009164080000118702,35000.0,n50000k0.70i0,False,0.002
50000,0.7,sssp_duan_et_al,0.009708079999654728,35000.0,n50000k0.70i0,False,0.002
50000,0.7,sssp_duan_et_al,0.009846639999977924,35000.0,n50000k0.70i0,False,0.002
50000,0.7,sssp_duan_et_al,0.009761119999893708,35000.0,n50000k0.70i0,False,0.002
50000,0.7,sssp_duan_et_al_iter,0.009662839999691641,35000.0,n50000k0.70i0,False,0.002
50000,0.7,sssp_duan_et_al_iter,0.00954860000001645,35000.0,n50000k0.70i0,False,0.002
50000,0.7,sssp_duan_et_al_iter,0.009394000000156666,35000.0,n50000k0.70i0,False,0.002
50000,0.7,sssp_duan_et_al_iter,0.009393680000357563,35000.0,n50000k0.70i0,False,0.002
50000,0.7,sssp_duan_et_al_iter,0.009390520000124525,35000.0,n50000k0.70i0,False,0.002
50000,0.7,dijkstra,0.02626860000009401,35000.0,n50000k0.70i1,False,0.002
50000,0.7,dijkstra,0.02488143999971726,35000.0,n50000k0.70i1,False,0.002
50000,0.7,dijkstra,0.023485279999931663,35000.0,n50000k0.70i1,False,0.002
50000,0.7,dijkstra,0.024420639999789273,35000.0,n50000k0.70i1,False,0.002
50000,0.7,dijkstra,0.024007040000014968,35000.0,n50000k0.70i1,False,0.002
50000,0.7,sssp_duan_et_al,0.009761759999946662,35000.0,n50000k0.70i1,False,0.002
50000,0.7,sssp_duan_et_al,0.009239839999736432,35000.0,n50000k0.70i1,False,0.002
50000,0.7,sssp_duan_et_al,0.009314280000126018,35000.0,n50000k0.70i1,False,0.002
50000,0.7,sssp_duan_et_al,0.009334280000075523,35000.0,n50000k0.70i1,False,0.002
50000,0.7,sssp_duan_et_al,0.009244920000128332,35000.0,n50000k0.70i1,False,0.002
50000,0.7,sssp_duan_et_al_iter,0.009175279999908525,35000.0,n50000k0.70i1,False,0.002
50000,0.7,sssp_duan_et_al_iter,0.008735320000141655,35000.0,n50000k0.70i1,False,0.002
50000,0.7,sssp_duan_et_al_iter,0.009052560000327503,35000.0,n50000k0.70i1,False,0.002
50000,0.7,sssp_duan_et_al_iter,0.008877240000401798,35000.0,n50000k0.70i1,False,0.002
50000,0.7,sssp_duan_et_al_iter,0.008366839999780495,35000.0,n50000k0.70i1,False,0.002
50000,0.7,dijkstra,0.023547600000256352,35000.0,n50000k0.70i2,False,0.013999999999999999
50000,0.7,dijkstra,0.022805159999734315,35000.0,n50000k0.70i2,False,0.013999999999999999
50000,0.7,dijkstra,0.023502999999891472,35000.0,n50000k0.70i2,False,0.013999999999999999
50000,0.7,dijkstra,0.023867319999681058,35000.0,n50000k0.70i2,False,0.013999999999999999
50000,0.7,dijkstra,0.024839759999849775,35000.0,n50000k0.70i2,False,0.013999999999999999
50000,0.7,sssp_duan_et_al,0.009499079999841342,35000.0,n50000k0.70i2,False,0.013999999999999999
50000,0.7,sssp_duan_et_al,0.00906115999987378,35000.0,n50000k0.70i2,False,0.013999999999999999
50000,0.7,sssp_duan_et_al,0.009545519999846874,35000.0,n50000k0.70i2,False,0.013999999999999999
50000,0.7,sssp_duan_et_al,0.009666599999945902,35000.0,n50000k0.70i2,False,0.013999999999999999
50000,0.7,sssp_duan_et_al,0.009401400000115245,35000.0,n50000k0.70i2,False,0.013999999999999999
50000,0.7,sssp_duan_et_al_iter,0.00920475999964765,35000.0,n50000k0.70i2,False,0.013999999999999999
50000,0.7,sssp_duan_et_al_iter,0.009441879999940284,35000.0,n50000k0.70i2,False,0.013999999999999999
50000,0.7,sssp_duan_et_al_iter,0.009019399999942834,35000.0,n50000k0.70i2,False,0.013999999999999999
50000,0.7,sssp_duan_et_al_iter,0.008993680000003224,35000.0,n50000k0.70i2,False,0.013999999999999999
50000,0.7,sssp_duan_et_al_iter,0.009261679999781336,35000.0,n50000k0.70i2,False,0.013999999999999999
50000,0.7,dijkstra,0.026447039999766275,35000.0,n50000k0.70i3,False,0.002
50000,0.7,dijkstra,0.023891880000064702,35000.0,n50000k0.70i3,False,0.002
50000,0.7,dijkstra,0.02445579999994152,35000.0,n50000k0.70i3,False,0.002
50000,0.7,dijkstra,0.024857279999650927,35000.0,n50000k0.70i3,False,0.002
50000,0.7,dijkstra,0.0229213599996001,35000.0,n50000k0.70i3,False,0.002
50000,0.7,sssp_duan_et_al,0.009377360000144108,35000.0,n50000k0.70i3,False,0.002
50000,0.7,sssp_duan_et_al,0.009025080000355956,35000.0,n50000k0.70i3,False,0.002
50000,0.7,sssp_duan_et_al,0.009044799999628594,35000.0,n50000k0.70i3,False,0.002
50000,0.7,sssp_duan_et_al,0.009014480000132608,35000.0,n50000k0.70i3,False,0.002
50000,0.7,sssp_duan_et_al,0.0090106000002379,35000.0,n50000k0.70i3,False,0.002
50000,0.7,sssp_duan_et_al_iter,0.009233960000074148,35000.0,n50000k0.70i3,False,0.002
50000,0.7,sssp_duan_et_al_iter,0.009059120000074472,35000.0,n50000k0.70i3,False,0.002
50000,0.7,sssp_duan_et_al_iter,0.009109760000228562,35000.0,n50000k0.70i3,False,0.002
50000,0.7,sssp_duan_et_al_iter,0.009254520000013144,35000.0,n50000k0.70i3,False,0.002
50000,0.7,sssp_duan_et_al_iter,0.009229080000295653,35000.0,n50000k0.70i3,False,0.002
50000,0.7,dijkstra,0.02657675999989806,35000.0,n50000k0.70i4,False,0.002
50000,0.7,dijkstra,0.025390880000031757,35000.0,n50000k0.70i4,False,0.002
50000,0.7,dijkstra,0.024616799999876093,35000.0,n50000k0.70i4,False,0.002
50000,0.7,dijkstra,0.024449559999993653,35000.0,n50000k0.70i4,False,0.002
50000,0.7,dijkstra,0.024017879999973957,35000.0,n50000k0.70i4,False,0.002
50000,0.7,sssp_duan_et_al,0.009814600000026985,35000.0,n50000k0.70i4,False,0.002
50000,0.7,sssp_duan_et_al,0.009018799999921612,35000.0,n50000k0.70i4,False,0.002
50000,0.7,sssp_duan_et_al,0.009464920000027632,35000.0,n50000k0.70i4,False,0.002
50000,0.7,sssp_duan_et_al,0.009089640000183863,35000.0,n50000k0.70i4,False,0.002
50000,0.7,sssp_duan_et_al,0.009226560000115569,35000.0,n50000k0.70i4,False,0.002
50000,0.7,sssp_duan_et_al_iter,0.009148880000338977,35000.0,n50000k0.70i4,False,0.002
50000,0.7,sssp_duan_et_al_iter,0.009091360000184068,35000.0,n50000k0.70i4,False,0.002
50000,0.7,sssp_duan_et_al_iter,0.008856199999627279,35000.0,n50000k0.70i4,False,0.002
50000,0.7,sssp_duan_et_al_iter,0.008812200000193116,35000.0,n50000k0.70i4,False,0.002
50000,0.7,sssp_duan_et_al_iter,0.009063280000191298,35000.0,n50000k0.70i4,False,0.002
50000,0.5,dijkstra,0.019936799999868526,25000.0,n50000k0.50i0,False,0.002
50000,0.5,dijkstra,0.01909139999997933,25000.0,n50000k0.50i0,False,0.002
50000,0.5,dijkstra,0.017252279999866005,25000.0,n50000k0.50i0,False,0.002
50000,0.5,dijkstra,0.01765527999987171,25000.0,n50000k0.50i0,False,0.002
50000,0.5,dijkstra,0.018599080000058166,25000.0,n50000k0.50i0,False,0.002
50000,0.5,sssp_duan_et_al,0.007176439999966533,25000.0,n50000k0.50i0,False,0.002
50000,0.5,sssp_duan_et_al,0.006912840000040887,25000.0,n50000k0.50i0,False,0.002
50000,0.5,sssp_duan_et_al,0.006840719999672729,25000.0,n50000k0.50i0,False,0.002
50000,0.5,sssp_duan_et_al,0.006804000000101951,25000.0,n50000k0.50i0,False,0.002
50000,0.5,sssp_duan_et_al,0.006765919999907055,25000.0,n50000k0.50i0,False,0.002
50000,0.5,sssp_duan_et_al_iter,0.006671719999758352,25000.0,n50000k0.50i0,False,0.002
50000,0.5,sssp_duan_et_al_iter,0.00670964000028107,25000.0,n50000k0.50i0,False,0.002
50000,0.5,sssp_duan_et_al_iter,0.00650660000019343,25000.0,n50000k0.50i0,False,0.002
50000,0.5,sssp_duan_et_al_iter,0.006578799999715557,25000.0,n50000k0.50i0,False,0.002
50000,0.5,sssp_duan_et_al_iter,0.006421640000098705,25000.0,n50000k0.50i0,False,0.002
50000,0.5,dijkstra,0.018452679999882093,25000.0,n50000k0.50i1,False,0.002
50000,0.5,dijkstra,0.0168551199999456,25000.0,n50000k0.50i1,False,0.002
50000,0.5,dijkstra,0.01693459999978586,25000.0,n50000k0.50i1,False,0.002
50000,0.5,dijkstra,0.01744116000008944,25000.0,n50000k0.50i1,False,0.002
50000,0.5,dijkstra,0.018973360000018147,25000.0,n50000k0.50i1,False,0.002
50000,0.5,sssp_duan_et_al,0.0072040000000015425,25000.0,n50000k0.50i1,False,0.002
50000,0.5,sssp_duan_et_al,0.007007120000253053,25000.0,n50000k0.50i1,False,0.002
50000,0.5,sssp_duan_et_al,0.006919839999682154,25000.0,n50000k0.50i1,False,0.002
50000,0.5,sssp_duan_et_al,0.006807239999943704,25000.0,n50000k0.50i1,False,0.002
50000,0.5,sssp_duan_et_al,0.006823799999892799,25000.0,n50000k0.50i1,False,0.002
50000,0.5,sssp_duan_et_al_iter,0.006692839999686839,25000.0,n50000k0.50i1,False,0.002
50000,0.5,sssp_duan_et_al_iter,0.006990519999817479,25000.0,n50000k0.50i1,False,0.002
50000,0.5,sssp_duan_et_al_iter,0.006931039999926725,25000.0,n50000k0.50i1,False,0.002
50000,0.5,sssp_duan_et_al_iter,0.006940760000361479,25000.0,n50000k0.50i1,False,0.002
50000,0.5,sssp_duan_et_al_iter,0.0069966799997018825,25000.0,n50000k0.50i1,False,0.002
50000,0.5,dijkstra,0.019694959999924322,25000.0,n50000k0.50i2,False,0.002
50000,0.5,dijkstra,0.017886319999888656,25000.0,n50000k0.50i2,False,0.002
50000,0.5,dijkstra,0.0188735199999428,25000.0,n50000k0.50i2,False,0.002
50000,0.5,dijkstra,0.017896440000185976,25000.0,n50000k0.50i2,False,0.002
50000,0.5,dijkstra,0.018087200000081793,25000.0,n50000k0.50i2,False,0.002
50000,0.5,sssp_duan_et_al,0.007233199999973294,25000.0,n50000k0.50i2,False,0.002
50000,0.5,sssp_duan_et_al,0.006981240000186517,25000.0,n50000k0.50i2,False,0.002
50000,0.5,sssp_duan_et_al,0.006808400000409165,25000.0,n50000k0.50i2,False,0.002
50000,0.5,sssp_duan_et_al,0.006716119999964576,25000.0,n50000k0.50i2,False,0.002
50000,0.5,sssp_duan_et_al,0.006766399999833084,25000.0,n50000k0.50i2,False,0.002
50000,0.5,sssp_duan_et_al_iter,0.006723039999997127,25000.0,n50000k0.50i2,False,0.002
50000,0.5,sssp_duan_et_al_iter,0.006851120000192168,25000.0,n50000k0.50i2,False,0.002
50000,0.5,sssp_duan_et_al_iter,0.006779440000173054,25000.0,n50000k0.50i2,False,0.002
50000,0.5,sssp_duan_et_al_iter,0.006691399999908754,25000.0,n50000k0.50i2,False,0.002
50000,0.5,sssp_duan_et_al_iter,0.006567639999957464,25000.0,n50000k0.50i2,False,0.002
50000,0.5,dijkstra,0.01906775999987076,25000.0,n50000k0.50i3,False,0.004
50000,0.5,dijkstra,0.01920328000005611,25000.0,n50000k0.50i3,False,0.004
50000,0.5,dijkstra,0.018318880000151694,25000.0,n50000k0.50i3,False,0.004
50000,0.5,dijkstra,0.019047039999804838,25000.0,n50000k0.50i3,False,0.004
50000,0.5,dijkstra,0.01986376000013479,25000.0,n50000k0.50i3,False,0.004
50000,0.5,sssp_duan_et_al,0.00759143999994194,25000.0,n50000k0.50i3,False,0.004
50000,0.5,sssp_duan_et_al,0.007142160000057629,25000.0,n50000k0.50i3,False,0.004
50000,0.5,sssp_duan_et_al,0.007125880000330653,25000.0,n50000k0.50i3,False,0.004
50000,0.5,sssp_duan_et_al,0.0071509199997308315,25000.0,n50000k0.50i3,False,0.004
50000,0.5,sssp_duan_et_al,0.006952159999855212,25000.0,n50000k0.50i3,False,0.004
50000,0.5,sssp_duan_et_al_iter,0.007177880000199366,25000.0,n50000k0.50i3,False,0.004
50000,0.5,sssp_duan_et_al_iter,0.006944199999907141,25000.0,n50000k0.50i3,False,0.004
50000,0.5,sssp_duan_et_al_iter,0.0067958399999952235,25000.0,n50000k0.50i3,False,0.004
50000,0.5,sssp_duan_et_al_iter,0.00692776000005324,25000.0,n50000k0.50i3,False,0.004
50000,0.5,sssp_duan_et_al_iter,0.007003959999565268,25000.0,n50000k0.50i3,False,0.004
50000,0.5,dijkstra,0.019604640000125073,25000.0,n50000k0.50i4,False,0.008
50000,0.5,dijkstra,0.016831400000228314,25000.0,n50000k0.50i4,False,0.008
50000,0.5,dijkstra,0.017563960000188672,25000.0,n50000k0.50i4,False,0.008
50000,0.5,dijkstra,0.01729483999997683,25000.0,n50000k0.50i4,False,0.008
50000,0.5,dijkstra,0.016835840000112512,25000.0,n50000k0.50i4,False,0.008
50000,0.5,sssp_duan_et_al,0.007140680000247812,25000.0,n50000k0.50i4,False,0.008
50000,0.5,sssp_duan_et_al,0.007014599999820348,25000.0,n50000k0.50i4,False,0.008
50000,0.5,sssp_duan_et_al,0.006797399999868503,25000.0,n50000k0.50i4,False,0.008
50000,0.5,sssp_duan_et_al,0.006999480000104086,25000.0,n50000k0.50i4,False,0.008
50000,0.5,sssp_duan_et_al,0.006981359999826964,25000.0,n50000k0.50i4,False,0.008
50000,0.5,sssp_duan_et_al_iter,0.006998840000051132,25000.0,n50000k0.50i4,False,0.008
50000,0.5,sssp_duan_et_al_iter,0.00755591999995886,25000.0,n50000k0.50i4,False,0.008
50000,0.5,sssp_duan_et_al_iter,0.007652600000255916,25000.0,n50000k0.50i4,False,0.008
50000,0.5,sssp_duan_et_al_iter,0.007247559999996156,25000.0,n50000k0.50i4,False,0.008
50000,0.5,sssp_duan_et_al_iter,0.007374119999894901,25000.0,n50000k0.50i4,False,0.008
100000,5,dijkstra,2.471153680000043,500000,n100000k5.00i0,False,401.01899999999995
100000,5,dijkstra,2.527165479999894,500000,n100000k5.00i0,False,401.01899999999995
100000,5,dijkstra,2.5244125600002008,500000,n100000k5.00i0,False,401.01899999999995
100000,5,dijkstra,2.535984560000088,500000,n100000k5.00i0,False,401.01899999999995
100000,5,dijkstra,2.5340564399998584,500000,n100000k5.00i0,False,401.01899999999995
100000,5,sssp_duan_et_al,215.52098904000013,500000,n100000k5.00i0,False,401.01899999999995
100000,5,sssp_duan_et_al,209.69539132,500000,n100000k5.00i0,False,401.01899999999995
100000,5,sssp_duan_et_al,210.46581091999997,500000,n100000k5.00i0,False,401.01899999999995
100000,5,sssp_duan_et_al,208.14554636000003,500000,n100000k5.00i0,False,401.01899999999995
100000,5,sssp_duan_et_al,216.39385651999964,500000,n100000k5.00i0,False,401.01899999999995
100000,5,sssp_duan_et_al_iter,206.08898299999964,500000,n100000k5.00i0,False,401.01899999999995
100000,5,sssp_duan_et_al_iter,213.9967014800004,500000,n100000k5.00i0,False,401.01899999999995
100000,5,sssp_duan_et_al_iter,206.01433071999963,500000,n100000k5.00i0,False,401.01899999999995
100000,5,sssp_duan_et_al_iter,219.34720747999927,500000,n100000k5.00i0,False,401.01899999999995
100000,5,sssp_duan_et_al_iter,207.83462615999997,500000,n100000k5.00i0,False,401.01899999999995
100000,5,dijkstra,2.658956319999561,500000,n100000k5.00i1,False,403.232
100000,5,dijkstra,2.716943679999531,500000,n100000k5.00i1,False,403.232
100000,5,dijkstra,2.6697788800001945,500000,n100000k5.00i1,False,403.232
100000,5,dijkstra,2.6495313999994323,500000,n100000k5.00i1,False,403.232
100000,5,dijkstra,2.6112417600006665,500000,n100000k5.00i1,False,403.232
100000,5,sssp_duan_et_al,246.9355879599998,500000,n100000k5.00i1,False,403.232
100000,5,sssp_duan_et_al,239.04079124000054,500000,n100000k5.00i1,False,403.232
100000,5,sssp_duan_et_al,245.2262500400002,500000,n100000k5.00i1,False,403.232
100000,5,sssp_duan_et_al,239.59538991999943,500000,n100000k5.00i1,False,403.232
100000,5,sssp_duan_et_al,244.58073796000008,500000,n100000k5.00i1,False,403.232
100000,5,sssp_duan_et_al_iter,243.7645018000003,500000,n100000k5.00i1,False,403.232
100000,5,sssp_duan_et_al_iter,245.5386390800004,500000,n100000k5.00i1,False,403.232
100000,5,sssp_duan_et_al_iter,246.78092268,500000,n100000k5.00i1,False,403.232
100000,5,sssp_duan_et_al_iter,244.5617075199998,500000,n100000k5.00i1,False,403.232
100000,5,sssp_duan_et_al_iter,245.31748103999962,500000,n100000k5.00i1,False,403.232
100000,5,dijkstra,2.6255895199992665,500000,n100000k5.00i2,False,401.847
100000,5,dijkstra,2.6116664399996807,500000,n100000k5.00i2,False,401.847
100000,5,dijkstra,2.5963005600006,500000,n100000k5.00i2,False,401.847
100000,5,dijkstra,2.6639892000002874,500000,n100000k5.00i2,False,401.847
100000,5,dijkstra,2.720763839999563,500000,n100000k5.00i2,False,401.847
100000,5,sssp_duan_et_al,244.35454475999995,500000,n100000k5.00i2,False,401.847
100000,5,sssp_duan_et_al,242.44081452000046,500000,n100000k5.00i2,False,401.847
100000,5,sssp_duan_et_al,243.13885808000123,500000,n100000k5.00i2,False,401.847
100000,5,sssp_duan_et_al,240.82734895999965,500000,n100000k5.00i2,False,401.847
100000,5,sssp_duan_et_al,244.0997299599985,500000,n100000k5.00i2,False,401.847
100000,5,sssp_duan_et_al_iter,244.8917860799993,500000,n100000k5.00i2,False,401.847
100000,5,sssp_duan_et_al_iter,277.85601408,500000,n100000k5.00i2,False,401.847
100000,5,sssp_duan_et_al_iter,244.47090555999966,500000,n100000k5.00i2,False,401.847
100000,5,sssp_duan_et_al_iter,249.88979244000075,500000,n100000k5.00i2,False,401.847
100000,5,sssp_duan_et_al_iter,244.81777712000076,500000,n100000k5.00i2,False,401.847
100000,5,dijkstra,2.6812928800009104,500000,n100000k5.00i3,False,402.052
100000,5,dijkstra,2.6859474800003227,500000,n100000k5.00i3,False,402.052
100000,5,dijkstra,2.7005422000002,500000,n100000k5.00i3,False,402.052
100000,5,dijkstra,2.6444617199995264,500000,n100000k5.00i3,False,402.052
100000,5,dijkstra,2.7986261999994895,500000,n100000k5.00i3,False,402.052
100000,5,sssp_duan_et_al,217.74343708000015,500000,n100000k5.00i3,False,402.052
100000,5,sssp_duan_et_al,219.70309244000055,500000,n100000k5.00i3,False,402.052
100000,5,sssp_duan_et_al,235.30646091999915,500000,n100000k5.00i3,False,402.052
100000,5,sssp_duan_et_al,233.28198180000072,500000,n100000k5.00i3,False,402.052
100000,5,sssp_duan_et_al,223.01124196000092,500000,n100000k5.00i3,False,402.052
100000,5,sssp_duan_et_al_iter,225.91019555999992,500000,n100000k5.00i3,False,402.052
100000,5,sssp_duan_et_al_iter,224.31718655999975,500000,n100000k5.00i3,False,402.052
100000,5,sssp_duan_et_al_iter,227.60033612000007,500000,n100000k5.00i3,False,402.052
100000,5,sssp_duan_et_al_iter,220.6345690399994,500000,n100000k5.00i3,False,402.052
100000,5,sssp_duan_et_al_iter,221.81998187999852,500000,n100000k5.00i3,False,402.052
100000,5,dijkstra,2.755142160000105,500000,n100000k5.00i4,False,401.80300000000005
100000,5,dijkstra,2.7409432799995557,500000,n100000k5.00i4,False,401.80300000000005
100000,5,dijkstra,2.8051569200015365,500000,n100000k5.00i4,False,401.80300000000005
100000,5,dijkstra,2.6501769999995304,500000,n100000k5.00i4,False,401.80300000000005
100000,5,dijkstra,2.64467908000006,500000,n100000k5.00i4,False,401.80300000000005
100000,5,sssp_duan_et_al,230.29649040000004,500000,n100000k5.00i4,False,401.80300000000005
100000,5,sssp_duan_et_al,241.58700768000017,500000,n100000k5.00i4,False,401.80300000000005
100000,5,sssp_duan_et_al,243.92526223999994,500000,n100000k5.00i4,False,401.80300000000005
100000,5,sssp_duan_et_al,242.7302173199987,500000,n100000k5.00i4,False,401.80300000000005
100000,5,sssp_duan_et_al,241.69316880000042,500000,n100000k5.00i4,False,401.80300000000005
100000,5,sssp_duan_et_al_iter,245.59416643999975,500000,n100000k5.00i4,False,401.80300000000005
100000,5,sssp_duan_et_al_iter,242.20700312000008,500000,n100000k5.00i4,False,401.80300000000005
100000,5,sssp_duan_et_al_iter,242.19735484000012,500000,n100000k5.00i4,False,401.80300000000005
100000,5,sssp_duan_et_al_iter,246.37783284000034,500000,n100000k5.00i4,False,401.80300000000005
100000,5,sssp_duan_et_al_iter,241.62967052000022,500000,n100000k5.00i4,False,401.80300000000005
100000,3,dijkstra,1.402652360000502,300000,n100000k3.00i0,False,211.624
100000,3,dijkstra,1.3619542400010687,300000,n100000k3.00i0,False,211.624
100000,3,dijkstra,1.3714291600008437,300000,n100000k3.00i0,False,211.624
100000,3,dijkstra,1.3715914399999747,300000,n100000k3.00i0,False,211.624
100000,3,dijkstra,1.343832200000179,300000,n100000k3.00i0,False,211.624
100000,3,sssp_duan_et_al,59.67677876000016,300000,n100000k3.00i0,False,211.624
100000,3,sssp_duan_et_al,60.27530519999891,300000,n100000k3.00i0,False,211.624
100000,3,sssp_duan_et_al,60.77098904000013,300000,n100000k3.00i0,False,211.624
100000,3,sssp_duan_et_al,60.66039787999944,300000,n100000k3.00i0,False,211.624
100000,3,sssp_duan_et_al,60.50833112000146,300000,n100000k3.00i0,False,211.624
100000,3,sssp_duan_et_al_iter,58.54002391999893,300000,n100000k3.00i0,False,211.624
100000,3,sssp_duan_et_al_iter,60.15664323999954,300000,n100000k3.00i0,False,211.624
100000,3,sssp_duan_et_al_iter,60.309443320000355,300000,n100000k3.00i0,False,211.624
100000,3,sssp_duan_et_al_iter,62.103391120001106,300000,n100000k3.00i0,False,211.624
100000,3,sssp_duan_et_al_iter,62.45467432000078,300000,n100000k3.00i0,False,211.624
100000,3,dijkstra,1.3934104800009663,300000,n100000k3.00i1,False,211.20600000000002
100000,3,dijkstra,1.4103245599999354,300000,n100000k3.00i1,False,211.20600000000002
100000,3,dijkstra,1.3487414400005946,300000,n100000k3.00i1,False,211.20600000000002
100000,3,dijkstra,1.3739781200001744,300000,n100000k3.00i1,False,211.20600000000002
100000,3,dijkstra,1.3685735600010958,300000,n100000k3.00i1,False,211.20600000000002
100000,3,sssp_duan_et_al,59.54325251999944,300000,n100000k3.00i1,False,211.20600000000002
100000,3,sssp_duan_et_al,57.76740940000127,300000,n100000k3.00i1,False,211.20600000000002
100000,3,sssp_duan_et_al,57.72418472000027,300000,n100000k3.00i1,False,211.20600000000002
100000,3,sssp_duan_et_al,57.46763359999932,300000,n100000k3.00i1,False,211.20600000000002
100000,3,sssp_duan_et_al,57.609172039999976,300000,n100000k3.00i1,False,211.20600000000002
100000,3,sssp_duan_et_al_iter,60.05157847999908,300000,n100000k3.00i1,False,211.20600000000002
100000,3,sssp_duan_et_al_iter,58.64480299999923,300000,n100000k3.00i1,False,211.20600000000002
100000,3,sssp_duan_et_al_iter,58.91620200000034,300000,n100000k3.00i1,False,211.20600000000002
100000,3,sssp_duan_et_al_iter,57.37989699999889,300000,n100000k3.00i1,False,211.20600000000002
100000,3,sssp_duan_et_al_iter,56.7036774799999,300000,n100000k3.00i1,False,211.20600000000002
100000,3,dijkstra,1.3743711200004327,300000,n100000k3.00i2,False,211.57
100000,3,dijkstra,1.3816422799991415,300000,n100000k3.00i2,False,211.57
100000,3,dijkstra,1.3482378799999424,300000,n100000k3.00i2,False,211.57
100000,3,dijkstra,1.3618590400001267,300000,n100000k3.00i2,False,211.57
100000,3,dijkstra,1.3339574799992988,300000,n100000k3.00i2,False,211.57
100000,3,sssp_duan_et_al,53.02260439999918,300000,n100000k3.00i2,False,211.57
100000,3,sssp_duan_et_al,55.55795399999988,300000,n100000k3.00i2,False,211.57
100000,3,sssp_duan_et_al,55.07170256000063,300000,n100000k3.00i2,False,211.57
100000,3,sssp_duan_et_al,55.171116400000756,300000,n100000k3.00i2,False,211.57
100000,3,sssp_duan_et_al,55.36680899999919,300000,n100000k3.00i2,False,211.57
100000,3,sssp_duan_et_al_iter,54.47062924000056,300000,n100000k3.00i2,False,211.57
100000,3,sssp_duan_et_al_iter,55.461933559996396,300000,n100000k3.00i2,False,211.57
100000,3,sssp_duan_et_al_iter,54.85035423999943,300000,n100000k3.00i2,False,211.57
100000,3,sssp_duan_et_al_iter,54.636953399996855,300000,n100000k3.00i2,False,211.57
100000,3,sssp_duan_et_al_iter,54.61138111999753,300000,n100000k3.00i2,False,211.57
100000,3,dijkstra,1.4311383599997498,300000,n100000k3.00i3,False,212.603
100000,3,dijkstra,1.4223797199992987,300000,n100000k3.00i3,False,212.603
100000,3,dijkstra,1.389660239998193,300000,n100000k3.00i3,False,212.603
100000,3,dijkstra,1.3831434400017315,300000,n100000k3.00i3,False,212.603
100000,3,dijkstra,1.3639251200002036,300000,n100000k3.00i3,False,212.603
100000,3,sssp_duan_et_al,55.35409719999734,300000,n100000k3.00i3,False,212.603
100000,3,sssp_duan_et_al,55.631381760002114,300000,n100000k3.00i3,False,212.603
100000,3,sssp_duan_et_al,56.097374360000686,300000,n100000k3.00i3,False,212.603
100000,3,sssp_duan_et_al,54.02144491999934,300000,n100000k3.00i3,False,212.603
100000,3,sssp_duan_et_al,55.70663376000084,300000,n100000k3.00i3,False,212.603
100000,3,sssp_duan_et_al_iter,55.47043907999978,300000,n100000k3.00i3,False,212.603
100000,3,sssp_duan_et_al_iter,55.30687939999916,300000,n100000k3.00i3,False,212.603
100000,3,sssp_duan_et_al_iter,55.20199751999826,300000,n100000k3.00i3,False,212.603
100000,3,sssp_duan_et_al_iter,55.04308595999828,300000,n100000k3.00i3,False,212.603
100000,3,sssp_duan_et_al_iter,55.54768319999857,300000,n100000k3.00i3,False,212.603
100000,3,dijkstra,1.400379160000739,300000,n100000k3.00i4,False,211.103
100000,3,dijkstra,1.37706148000143,300000,n100000k3.00i4,False,211.103
100000,3,dijkstra,1.3832668000031845,300000,n100000k3.00i4,False,211.103
100000,3,dijkstra,1.3647392399980163,300000,n100000k3.00i4,False,211.103
100000,3,dijkstra,1.3798798399984662,300000,n100000k3.00i4,False,211.103
100000,3,sssp_duan_et_al,56.24490764000075,300000,n100000k3.00i4,False,211.103
100000,3,sssp_duan_et_al,56.9731262000023,300000,n100000k3.00i4,False,211.103
100000,3,sssp_duan_et_al,56.07497216000047,300000,n100000k3.00i4,False,211.103
100000,3,sssp_duan_et_al,55.65457336000327,300000,n100000k3.00i4,False,211.103
100000,3,sssp_duan_et_al,56.276545879998594,300000,n100000k3.00i4,False,211.103
100000,3,sssp_duan_et_al_iter,54.757817840003554,300000,n100000k3.00i4,False,211.103
100000,3,sssp_duan_et_al_iter,56.584526079997886,300000,n100000k3.00i4,False,211.103
100000,3,sssp_duan_et_al_iter,55.84251768000104,300000,n100000k3.00i4,False,211.103
100000,3,sssp_duan_et_al_iter,56.464252520003356,300000,n100000k3.00i4,False,211.103
100000,3,sssp_duan_et_al_iter,56.92547896000178,300000,n100000k3.00i4,False,211.103
100000,1,dijkstra,0.12524979999943753,100000,n100000k1.00i0,False,0.013999999999999999
100000,1,dijkstra,0.09590931999991881,100000,n100000k1.00i0,False,0.013999999999999999
100000,1,dijkstra,0.09759176000079606,100000,n100000k1.00i0,False,0.013999999999999999
100000,1,dijkstra,0.09246451999933925,100000,n100000k1.00i0,False,0.013999999999999999
100000,1,dijkstra,0.0954219599989301,100000,n100000k1.00i0,False,0.013999999999999999
100000,1,sssp_duan_et_al,0.028289999998378335,100000,n100000k1.00i0,False,0.013999999999999999
100000,1,sssp_duan_et_al,0.02664100000038161,100000,n100000k1.00i0,False,0.013999999999999999
100000,1,sssp_duan_et_al,0.026760719996673288,100000,n100000k1.00i0,False,0.013999999999999999
100000,1,sssp_duan_et_al,0.02732235999792465,100000,n100000k1.00i0,False,0.013999999999999999
100000,1,sssp_duan_et_al,0.02655127999969409,100000,n100000k1.00i0,False,0.013999999999999999
100000,1,sssp_duan_et_al_iter,0.02728479999859701,100000,n100000k1.00i0,False,0.013999999999999999
100000,1,sssp_duan_et_al_iter,0.02645480000137468,100000,n100000k1.00i0,False,0.013999999999999999
100000,1,sssp_duan_et_al_iter,0.027620640001259744,100000,n100000k1.00i0,False,0.013999999999999999
100000,1,sssp_duan_et_al_iter,0.026570439997158246,100000,n100000k1.00i0,False,0.013999999999999999
100000,1,sssp_duan_et_al_iter,0.026941400003124727,100000,n100000k1.00i0,False,0.013999999999999999
100000,1,dijkstra,0.08727616000032867,100000,n100000k1.00i1,False,0.003
100000,1,dijkstra,0.08572903999811388,100000,n100000k1.00i1,False,0.003
100000,1,dijkstra,0.08886659999916446,100000,n100000k1.00i1,False,0.003
100000,1,dijkstra,0.08949519999805489,100000,n100000k1.00i1,False,0.003
100000,1,dijkstra,0.09236587999839685,100000,n100000k1.00i1,False,0.003
100000,1,sssp_duan_et_al,0.027394479999202304,100000,n100000k1.00i1,False,0.003
100000,1,sssp_duan_et_al,0.025861919999442762,100000,n100000k1.00i1,False,0.003
100000,1,sssp_duan_et_al,0.026510280000366038,100000,n100000k1.00i1,False,0.003
100000,1,sssp_duan_et_al,0.025818959999014623,100000,n100000k1.00i1,False,0.003
100000,1,sssp_duan_et_al,0.025701759997900808,100000,n100000k1.00i1,False,0.003
100000,1,sssp_duan_et_al_iter,0.026919959997030674,100000,n100000k1.00i1,False,0.003
100000,1,sssp_duan_et_al_iter,0.02565067999967141,100000,n100000k1.00i1,False,0.003
100000,1,sssp_duan_et_al_iter,0.025373279997438658,100000,n100000k1.00i1,False,0.003
100000,1,sssp_duan_et_al_iter,0.025497919999907026,100000,n100000k1.00i1,False,0.003
100000,1,sssp_duan_et_al_iter,0.025729400000273017,100000,n100000k1.00i1,False,0.003
100000,1,dijkstra,0.0898806400000467,100000,n100000k1.00i2,False,0.006
100000,1,dijkstra,0.0917816799992579,100000,n100000k1.00i2,False,0.006
100000,1,dijkstra,0.08469791999959853,100000,n100000k1.00i2,False,0.006
100000,1,dijkstra,0.08583412000007229,100000,n100000k1.00i2,False,0.006
100000,1,dijkstra,0.08560756000224501,100000,n100000k1.00i2,False,0.006
100000,1,sssp_duan_et_al,0.027559639998798957,100000,n100000k1.00i2,False,0.006
100000,1,sssp_duan_et_al,0.027194760001293616,100000,n100000k1.00i2,False,0.006
100000,1,sssp_duan_et_al,0.02693192000151612,100000,n100000k1.00i2,False,0.006
100000,1,sssp_duan_et_al,0.02700659999754862,100000,n100000k1.00i2,False,0.006
100000,1,sssp_duan_et_al,0.026170919998548925,100000,n100000k1.00i2,False,0.006
100000,1,sssp_duan_et_al_iter,0.026604639999277424,100000,n100000k1.00i2,False,0.006
100000,1,sssp_duan_et_al_iter,0.027363440000044648,100000,n100000k1.00i2,False,0.006
100000,1,sssp_duan_et_al_iter,0.026878880002186634,100000,n100000k1.00i2,False,0.006
100000,1,sssp_duan_et_al_iter,0.028238599999895087,100000,n100000k1.00i2,False,0.006
100000,1,sssp_duan_et_al_iter,0.027540640003280714,100000,n100000k1.00i2,False,0.006
100000,1,dijkstra,0.08513203999973484,100000,n100000k1.00i3,False,0.004
100000,1,dijkstra,0.07966995999959181,100000,n100000k1.00i3,False,0.004
100000,1,dijkstra,0.08204936000038288,100000,n100000k1.00i3,False,0.004
100000,1,dijkstra,0.07920104000004358,100000,n100000k1.00i3,False,0.004
100000,1,dijkstra,0.08280028000081074,100000,n100000k1.00i3,False,0.004
100000,1,sssp_duan_et_al,0.026804600001923973,100000,n100000k1.00i3,False,0.004
100000,1,sssp_duan_et_al,0.026187639999989187,100000,n100000k1.00i3,False,0.004
100000,1,sssp_duan_et_al,0.025643640001362655,100000,n100000k1.00i3,False,0.004
100000,1,sssp_duan_et_al,0.025471439999819268,100000,n100000k1.00i3,False,0.004
100000,1,sssp_duan_et_al,0.026389479997305898,100000,n100000k1.00i3,False,0.004
100000,1,sssp_duan_et_al_iter,0.026074040000821697,100000,n100000k1.00i3,False,0.004
100000,1,sssp_duan_et_al_iter,0.026428600001963787,100000,n100000k1.00i3,False,0.004
100000,1,sssp_duan_et_al_iter,0.025920559997757664,100000,n100000k1.00i3,False,0.004
100000,1,sssp_duan_et_al_iter,0.02646964000086882,100000,n100000k1.00i3,False,0.004
100000,1,sssp_duan_et_al_iter,0.025805119999859016,100000,n100000k1.00i3,False,0.004
100000,1,dijkstra,0.08772771999792894,100000,n100000k1.00i4,False,0.002
100000,1,dijkstra,0.08513352000227314,100000,n100000k1.00i4,False,0.002
100000,1,dijkstra,0.08766684000147507,100000,n100000k1.00i4,False,0.002
100000,1,dijkstra,0.08803483999872697,100000,n100000k1.00i4,False,0.002
100000,1,dijkstra,0.08952080000017304,100000,n100000k1.00i4,False,0.002
100000,1,sssp_duan_et_al,0.0277855999993335,100000,n100000k1.00i4,False,0.002
100000,1,sssp_duan_et_al,0.027447199998277938,100000,n100000k1.00i4,False,0.002
100000,1,sssp_duan_et_al,0.026353279998147627,100000,n100000k1.00i4,False,0.002
100000,1,sssp_duan_et_al,0.027364240002498263,100000,n100000k1.00i4,False,0.002
100000,1,sssp_duan_et_al,0.02617556000041077,100000,n100000k1.00i4,False,0.002
100000,1,sssp_duan_et_al_iter,0.02681000000302447,100000,n100000k1.00i4,False,0.002
100000,1,sssp_duan_et_al_iter,0.02664203999665915,100000,n100000k1.00i4,False,0.002
100000,1,sssp_duan_et_al_iter,0.026718319997598883,100000,n100000k1.00i4,False,0.002
100000,1,sssp_duan_et_al_iter,0.025676160003058612,100000,n100000k1.00i4,False,0.002
100000,1,sssp_duan_et_al_iter,0.025627959999837913,100000,n100000k1.00i4,False,0.002
100000,0.8,dijkstra,0.06570192000071984,80000.0,n100000k0.80i0,False,0.027999999999999997
100000,0.8,dijkstra,0.06651851999777136,80000.0,n100000k0.80i0,False,0.027999999999999997
100000,0.8,dijkstra,0.06698212000264903,80000.0,n100000k0.80i0,False,0.027999999999999997
100000,0.8,dijkstra,0.06664436000210117,80000.0,n100000k0.80i0,False,0.027999999999999997
100000,0.8,dijkstra,0.06710400000156369,80000.0,n100000k0.80i0,False,0.027999999999999997
100000,0.8,sssp_duan_et_al,0.02314739999928861,80000.0,n100000k0.80i0,False,0.027999999999999997
100000,0.8,sssp_duan_et_al,0.021766480000223964,80000.0,n100000k0.80i0,False,0.027999999999999997
100000,0.8,sssp_duan_et_al,0.022001200002705446,80000.0,n100000k0.80i0,False,0.027999999999999997
100000,0.8,sssp_duan_et_al,0.02199319999999716,80000.0,n100000k0.80i0,False,0.027999999999999997
100000,0.8,sssp_duan_et_al,0.022534880001330748,80000.0,n100000k0.80i0,False,0.027999999999999997
100000,0.8,sssp_duan_et_al_iter,0.02265579999948386,80000.0,n100000k0.80i0,False,0.027999999999999997
100000,0.8,sssp_duan_et_al_iter,0.021968639997794526,80000.0,n100000k0.80i0,False,0.027999999999999997
100000,0.8,sssp_duan_et_al_iter,0.023028039999189787,80000.0,n100000k0.80i0,False,0.027999999999999997
100000,0.8,sssp_duan_et_al_iter,0.022387519999028882,80000.0,n100000k0.80i0,False,0.027999999999999997
100000,0.8,sssp_duan_et_al_iter,0.022670280002785148,80000.0,n100000k0.80i0,False,0.027999999999999997
100000,0.8,dijkstra,0.06936316000064835,80000.0,n100000k0.80i1,False,0.001
100000,0.8,dijkstra,0.06631435999952373,80000.0,n100000k0.80i1,False,0.001
100000,0.8,dijkstra,0.06527700000151526,80000.0,n100000k0.80i1,False,0.001
100000,0.8,dijkstra,0.06389287999991211,80000.0,n100000k0.80i1,False,0.001
100000,0.8,dijkstra,0.06344571999943582,80000.0,n100000k0.80i1,False,0.001
100000,0.8,sssp_duan_et_al,0.02248744000098668,80000.0,n100000k0.80i1,False,0.001
100000,0.8,sssp_duan_et_al,0.021818119999807095,80000.0,n100000k0.80i1,False,0.001
100000,0.8,sssp_duan_et_al,0.02111000000149943,80000.0,n100000k0.80i1,False,0.001
100000,0.8,sssp_duan_et_al,0.021347080000850838,80000.0,n100000k0.80i1,False,0.001
100000,0.8,sssp_duan_et_al,0.022029039999324596,80000.0,n100000k0.80i1,False,0.001
100000,0.8,sssp_duan_et_al_iter,0.0215849199994409,80000.0,n100000k0.80i1,False,0.001
100000,0.8,sssp_duan_et_al_iter,0.020798599998670397,80000.0,n100000k0.80i1,False,0.001
100000,0.8,sssp_duan_et_al_iter,0.020516640001005726,80000.0,n100000k0.80i1,False,0.001
100000,0.8,sssp_duan_et_al_iter,0.020889399998850422,80000.0,n100000k0.80i1,False,0.001
100000,0.8,sssp_duan_et_al_iter,0.020715560000098776,80000.0,n100000k0.80i1,False,0.001
100000,0.8,dijkstra,0.06602539999948931,80000.0,n100000k0.80i2,False,0.009000000000000001
100000,0.8,dijkstra,0.06872904000192648,80000.0,n100000k0.80i2,False,0.009000000000000001
100000,0.8,dijkstra,0.06787208000241662,80000.0,n100000k0.80i2,False,0.009000000000000001
100000,0.8,dijkstra,0.07048004000171204,80000.0,n100000k0.80i2,False,0.009000000000000001
100000,0.8,dijkstra,0.07457684000110021,80000.0,n100000k0.80i2,False,0.009000000000000001
100000,0.8,sssp_duan_et_al,0.02343051999923773,80000.0,n100000k0.80i2,False,0.009000000000000001
100000,0.8,sssp_duan_et_al,0.02199896000092849,80000.0,n100000k0.80i2,False,0.009000000000000001
100000,0.8,sssp_duan_et_al,0.021815640000568237,80000.0,n100000k0.80i2,False,0.009000000000000001
100000,0.8,sssp_duan_et_al,0.021247880002192687,80000.0,n100000k0.80i2,False,0.009000000000000001
100000,0.8,sssp_duan_et_al,0.02087747999757994,80000.0,n100000k0.80i2,False,0.009000000000000001
100000,0.8,sssp_duan_et_al_iter,0.021157600000151433,80000.0,n100000k0.80i2,False,0.009000000000000001
100000,0.8,sssp_duan_et_al_iter,0.021230880000075558,80000.0,n100000k0.80i2,False,0.009000000000000001
100000,0.8,sssp_duan_et_al_iter,0.021178800001507625,80000.0,n100000k0.80i2,False,0.009000000000000001
100000,0.8,sssp_duan_et_al_iter,0.021591759999864735,80000.0,n100000k0.80i2,False,0.009000000000000001
100000,0.8,sssp_duan_et_al_iter,0.02199923999796738,80000.0,n100000k0.80i2,False,0.009000000000000001
100000,0.8,dijkstra,0.07005392000064603,80000.0,n100000k0.80i3,False,0.006999999999999999
100000,0.8,dijkstra,0.06837083999926108,80000.0,n100000k0.80i3,False,0.006999999999999999
100000,0.8,dijkstra,0.0693872800002282,80000.0,n100000k0.80i3,False,0.006999999999999999
100000,0.8,dijkstra,0.06870619999972405,80000.0,n100000k0.80i3,False,0.006999999999999999
100000,0.8,dijkstra,0.0673133999989659,80000.0,n100000k0.80i3,False,0.006999999999999999
100000,0.8,sssp_duan_et_al,0.023342640000919346,80000.0,n100000k0.80i3,False,0.006999999999999999
100000,0.8,sssp_duan_et_al,0.02166919999945094,80000.0,n100000k0.80i3,False,0.006999999999999999
100000,0.8,sssp_duan_et_al,0.02180932000192115,80000.0,n100000k0.80i3,False,0.006999999999999999
100000,0.8,sssp_duan_et_al,0.02164919999995618,80000.0,n100000k0.80i3,False,0.006999999999999999
100000,0.8,sssp_duan_et_al,0.021675719999620924,80000.0,n100000k0.80i3,False,0.006999999999999999
100000,0.8,sssp_duan_et_al_iter,0.021812920000229497,80000.0,n100000k0.80i3,False,0.006999999999999999
100000,0.8,sssp_duan_et_al_iter,0.02122223999685957,80000.0,n100000k0.80i3,False,0.006999999999999999
100000,0.8,sssp_duan_et_al_iter,0.02151880000019446,80000.0,n100000k0.80i3,False,0.006999999999999999
100000,0.8,sssp_duan_et_al_iter,0.021955399999569636,80000.0,n100000k0.80i3,False,0.006999999999999999
100000,0.8,sssp_duan_et_al_iter,0.021703360001993133,80000.0,n100000k0.80i3,False,0.006999999999999999
100000,0.8,dijkstra,0.06445547999828705,80000.0,n100000k0.80i4,False,0.017
100000,0.8,dijkstra,0.062298919998283964,80000.0,n100000k0.80i4,False,0.017
100000,0.8,dijkstra,0.06109128000025521,80000.0,n100000k0.80i4,False,0.017
100000,0.8,dijkstra,0.06312468000032823,80000.0,n100000k0.80i4,False,0.017
100000,0.8,dijkstra,0.06621680000171182,80000.0,n100000k0.80i4,False,0.017
100000,0.8,sssp_duan_et_al,0.02211847999933525,80000.0,n100000k0.80i4,False,0.017
100000,0.8,sssp_duan_et_al,0.02170739999928628,80000.0,n100000k0.80i4,False,0.017
100000,0.8,sssp_duan_et_al,0.021170519998122472,80000.0,n100000k0.80i4,False,0.017
100000,0.8,sssp_duan_et_al,0.0206953600027191,80000.0,n100000k0.80i4,False,0.017
100000,0.8,sssp_duan_et_al,0.02184020000277087,80000.0,n100000k0.80i4,False,0.017
100000,0.8,sssp_duan_et_al_iter,0.02106360000107088,80000.0,n100000k0.80i4,False,0.017
100000,0.8,sssp_duan_et_al_iter,0.02107664000141085,80000.0,n100000k0.80i4,False,0.017
100000,0.8,sssp_duan_et_al_iter,0.020903519998682896,80000.0,n100000k0.80i4,False,0.017
100000,0.8,sssp_duan_et_al_iter,0.021131560002686456,80000.0,n100000k0.80i4,False,0.017
100000,0.8,sssp_duan_et_al_iter,0.020679640001617372,80000.0,n100000k0.80i4,False,0.017
100000,0.7,dijkstra,0.06191964000026928,70000.0,n100000k0.70i0,False,0.001
100000,0.7,dijkstra,0.06257736000043224,70000.0,n100000k0.70i0,False,0.001
100000,0.7,dijkstra,0.061839639998652274,70000.0,n100000k0.70i0,False,0.001
100000,0.7,dijkstra,0.06168292000074871,70000.0,n100000k0.70i0,False,0.001
100000,0.7,dijkstra,0.06026532000032603,70000.0,n100000k0.70i0,False,0.001
100000,0.7,sssp_duan_et_al,0.02067668000017875,70000.0,n100000k0.70i0,False,0.001
100000,0.7,sssp_duan_et_al,0.019771560000663158,70000.0,n100000k0.70i0,False,0.001
100000,0.7,sssp_duan_et_al,0.019823720002023038,70000.0,n100000k0.70i0,False,0.001
100000,0.7,sssp_duan_et_al,0.01939635999951861,70000.0,n100000k0.70i0,False,0.001
100000,0.7,sssp_duan_et_al,0.019830119999824092,70000.0,n100000k0.70i0,False,0.001
100000,0.7,sssp_duan_et_al_iter,0.019580359999963548,70000.0,n100000k0.70i0,False,0.001
100000,0.7,sssp_duan_et_al_iter,0.019823680002446054,70000.0,n100000k0.70i0,False,0.001
100000,0.7,sssp_duan_et_al_iter,0.01950547999877017,70000.0,n100000k0.70i0,False,0.001
100000,0.7,sssp_duan_et_al_iter,0.019265119997726288,70000.0,n100000k0.70i0,False,0.001
100000,0.7,sssp_duan_et_al_iter,0.01961323999785236,70000.0,n100000k0.70i0,False,0.001
100000,0.7,dijkstra,0.059148640000785235,70000.0,n100000k0.70i1,False,0.004
100000,0.7,dijkstra,0.05644816000130959,70000.0,n100000k0.70i1,False,0.004
100000,0.7,dijkstra,0.057282719997601816,70000.0,n100000k0.70i1,False,0.004
100000,0.7,dijkstra,0.060808959999121726,70000.0,n100000k0.70i1,False,0.004
100000,0.7,dijkstra,0.0598796800004493,70000.0,n100000k0.70i1,False,0.004
100000,0.7,sssp_duan_et_al,0.02023316000122577,70000.0,n100000k0.70i1,False,0.004
100000,0.7,sssp_duan_et_al,0.019525479998264927,70000.0,n100000k0.70i1,False,0.004
100000,0.7,sssp_duan_et_al,0.019250159999501193,70000.0,n100000k0.70i1,False,0.004
100000,0.7,sssp_duan_et_al,0.01920624000194948,70000.0,n100000k0.70i1,False,0.004
100000,0.7,sssp_duan_et_al,0.020105960000364576,70000.0,n100000k0.70i1,False,0.004
100000,0.7,sssp_duan_et_al_iter,0.019090800000412855,70000.0,n100000k0.70i1,False,0.004
100000,0.7,sssp_duan_et_al_iter,0.018946000000141794,70000.0,n100000k0.70i1,False,0.004
100000,0.7,sssp_duan_et_al_iter,0.0189957200018398,70000.0,n100000k0.70i1,False,0.004
100000,0.7,sssp_duan_et_al_iter,0.019630840000900207,70000.0,n100000k0.70i1,False,0.004
100000,0.7,sssp_duan_et_al_iter,0.018910360002337256,70000.0,n100000k0.70i1,False,0.004
100000,0.7,dijkstra,0.05644544000097085,70000.0,n100000k0.70i2,False,0.001
100000,0.7,dijkstra,0.05603655999948387,70000.0,n100000k0.70i2,False,0.001
100000,0.7,dijkstra,0.05428623999978299,70000.0,n100000k0.70i2,False,0.001
100000,0.7,dijkstra,0.054817320000438485,70000.0,n100000k0.70i2,False,0.001
100000,0.7,dijkstra,0.05620328000077279,70000.0,n100000k0.70i2,False,0.001
100000,0.7,sssp_duan_et_al,0.020707920000859303,70000.0,n100000k0.70i2,False,0.001
100000,0.7,sssp_duan_et_al,0.019748279999475926,70000.0,n100000k0.70i2,False,0.001
100000,0.7,sssp_duan_et_al,0.018873799999710172,70000.0,n100000k0.70i2,False,0.001
100000,0.7,sssp_duan_et_al,0.019087439999566413,70000.0,n100000k0.70i2,False,0.001
100000,0.7,sssp_duan_et_al,0.019393400001717964,70000.0,n100000k0.70i2,False,0.001
100000,0.7,sssp_duan_et_al_iter,0.019284599999082275,70000.0,n100000k0.70i2,False,0.001
100000,0.7,sssp_duan_et_al_iter,0.01892668000073172,70000.0,n100000k0.70i2,False,0.001
100000,0.7,sssp_duan_et_al_iter,0.018453960001352243,70000.0,n100000k0.70i2,False,0.001
100000,0.7,sssp_duan_et_al_iter,0.0194225599989295,70000.0,n100000k0.70i2,False,0.001
100000,0.7,sssp_duan_et_al_iter,0.018829720000212546,70000.0,n100000k0.70i2,False,0.001
100000,0.7,dijkstra,0.06055883999943035,70000.0,n100000k0.70i3,False,0.002
100000,0.7,dijkstra,0.05833455999891157,70000.0,n100000k0.70i3,False,0.002
100000,0.7,dijkstra,0.060396519998903386,70000.0,n100000k0.70i3,False,0.002
100000,0.7,dijkstra,0.05957979999948293,70000.0,n100000k0.70i3,False,0.002
100000,0.7,dijkstra,0.05547871999806375,70000.0,n100000k0.70i3,False,0.002
100000,0.7,sssp_duan_et_al,0.020588479997968534,70000.0,n100000k0.70i3,False,0.002
100000,0.7,sssp_duan_et_al,0.019426760001806542,70000.0,n100000k0.70i3,False,0.002
100000,0.7,sssp_duan_et_al,0.019622799998614937,70000.0,n100000k0.70i3,False,0.002
100000,0.7,sssp_duan_et_al,0.020017200000438606,70000.0,n100000k0.70i3,False,0.002
100000,0.7,sssp_duan_et_al,0.01942140000028303,70000.0,n100000k0.70i3,False,0.002
100000,0.7,sssp_duan_et_al_iter,0.0192176800010202,70000.0,n100000k0.70i3,False,0.002
100000,0.7,sssp_duan_et_al_iter,0.019983679998404114,70000.0,n100000k0.70i3,False,0.002
100000,0.7,sssp_duan_et_al_iter,0.019278640000266023,70000.0,n100000k0.70i3,False,0.002
100000,0.7,sssp_duan_et_al_iter,0.019720000000233995,70000.0,n100000k0.70i3,False,0.002
100000,0.7,sssp_duan_et_al_iter,0.01948724000249058,70000.0,n100000k0.70i3,False,0.002
100000,0.7,dijkstra,0.06294580000030692,70000.0,n100000k0.70i4,False,0.001
100000,0.7,dijkstra,0.06269384000188438,70000.0,n100000k0.70i4,False,0.001
100000,0.7,dijkstra,0.061193959998490755,70000.0,n100000k0.70i4,False,0.001
100000,0.7,dijkstra,0.06221667999852798,70000.0,n100000k0.70i4,False,0.001
100000,0.7,dijkstra,0.06337023999731173,70000.0,n100000k0.70i4,False,0.001
100000,0.7,sssp_duan_et_al,0.021448239996971097,70000.0,n100000k0.70i4,False,0.001
100000,0.7,sssp_duan_et_al,0.020821799997065682,70000.0,n100000k0.70i4,False,0.001
100000,0.7,sssp_duan_et_al,0.019808439999906113,70000.0,n100000k0.70i4,False,0.001
100000,0.7,sssp_duan_et_al,0.0192458399978932,70000.0,n100000k0.70i4,False,0.001
100000,0.7,sssp_duan_et_al,0.01970271999744,70000.0,n100000k0.70i4,False,0.001
100000,0.7,sssp_duan_et_al_iter,0.019128559997625416,70000.0,n100000k0.70i4,False,0.001
100000,0.7,sssp_duan_et_al_iter,0.019832040001347195,70000.0,n100000k0.70i4,False,0.001
100000,0.7,sssp_duan_et_al_iter,0.019591039999795612,70000.0,n100000k0.70i4,False,0.001
100000,0.7,sssp_duan_et_al_iter,0.01943007999943802,70000.0,n100000k0.70i4,False,0.001
100000,0.7,sssp_duan_et_al_iter,0.01990280000245548,70000.0,n100000k0.70i4,False,0.001
100000,0.5,dijkstra,0.0451407200016547,50000.0,n100000k0.50i0,False,0.002
100000,0.5,dijkstra,0.04242755999803194,50000.0,n100000k0.50i0,False,0.002
100000,0.5,dijkstra,0.04364876000181539,50000.0,n100000k0.50i0,False,0.002
100000,0.5,dijkstra,0.04274660000010044,50000.0,n100000k0.50i0,False,0.002
100000,0.5,dijkstra,0.04296603999682702,50000.0,n100000k0.50i0,False,0.002
100000,0.5,sssp_duan_et_al,0.01584311999977217,50000.0,n100000k0.50i0,False,0.002
100000,0.5,sssp_duan_et_al,0.01492768000025535,50000.0,n100000k0.50i0,False,0.002
100000,0.5,sssp_duan_et_al,0.01476976000049035,50000.0,n100000k0.50i0,False,0.002
100000,0.5,sssp_duan_et_al,0.014803840000240598,50000.0,n100000k0.50i0,False,0.002
100000,0.5,sssp_duan_et_al,0.014813399997365195,50000.0,n100000k0.50i0,False,0.002
100000,0.5,sssp_duan_et_al_iter,0.0141838400013512,50000.0,n100000k0.50i0,False,0.002
100000,0.5,sssp_duan_et_al_iter,0.017778800000087358,50000.0,n100000k0.50i0,False,0.002
100000,0.5,sssp_duan_et_al_iter,0.014703640001243912,50000.0,n100000k0.50i0,False,0.002
100000,0.5,sssp_duan_et_al_iter,0.015084119997482048,50000.0,n100000k0.50i0,False,0.002
100000,0.5,sssp_duan_et_al_iter,0.014902719998644898,50000.0,n100000k0.50i0,False,0.002
100000,0.5,dijkstra,0.0462872799980687,50000.0,n100000k0.50i1,False,0.002
100000,0.5,dijkstra,0.045645120000699535,50000.0,n100000k0.50i1,False,0.002
100000,0.5,dijkstra,0.04450667999844882,50000.0,n100000k0.50i1,False,0.002
100000,0.5,dijkstra,0.04487316000086139,50000.0,n100000k0.50i1,False,0.002
100000,0.5,dijkstra,0.04413543999908143,50000.0,n100000k0.50i1,False,0.002
100000,0.5,sssp_duan_et_al,0.01593888000206789,50000.0,n100000k0.50i1,False,0.002
100000,0.5,sssp_duan_et_al,0.01472687999921618,50000.0,n100000k0.50i1,False,0.002
100000,0.5,sssp_duan_et_al,0.014745160002348712,50000.0,n100000k0.50i1,False,0.002
100000,0.5,sssp_duan_et_al,0.01526971999919624,50000.0,n100000k0.50i1,False,0.002
100000,0.5,sssp_duan_et_al,0.015019599999504862,50000.0,n100000k0.50i1,False,0.002
100000,0.5,sssp_duan_et_al_iter,0.01536620000115363,50000.0,n100000k0.50i1,False,0.002
100000,0.5,sssp_duan_et_al_iter,0.014602880000893492,50000.0,n100000k0.50i1,False,0.002
100000,0.5,sssp_duan_et_al_iter,0.015127080001548165,50000.0,n100000k0.50i1,False,0.002
100000,0.5,sssp_duan_et_al_iter,0.01505743999950937,50000.0,n100000k0.50i1,False,0.002
100000,0.5,sssp_duan_et_al_iter,0.014845599998807302,50000.0,n100000k0.50i1,False,0.002
100000,0.5,dijkstra,0.04443475999869406,50000.0,n100000k0.50i2,False,0.002
100000,0.5,dijkstra,0.040732360001129564,50000.0,n100000k0.50i2,False,0.002
100000,0.5,dijkstra,0.044179439999425085,50000.0,n100000k0.50i2,False,0.002
100000,0.5,dijkstra,0.04434816000139108,50000.0,n100000k0.50i2,False,0.002
100000,0.5,dijkstra,0.04538044000219088,50000.0,n100000k0.50i2,False,0.002
100000,0.5,sssp_duan_et_al,0.01617484000234981,50000.0,n100000k0.50i2,False,0.002
100000,0.5,sssp_duan_et_al,0.014424560002225917,50000.0,n100000k0.50i2,False,0.002
100000,0.5,sssp_duan_et_al,0.015184359999693697,50000.0,n100000k0.50i2,False,0.002
100000,0.5,sssp_duan_et_al,0.014800079999986337,50000.0,n100000k0.50i2,False,0.002
100000,0.5,sssp_duan_et_al,0.014839359999314183,50000.0,n100000k0.50i2,False,0.002
100000,0.5,sssp_duan_et_al_iter,0.01469567999811261,50000.0,n100000k0.50i2,False,0.002
100000,0.5,sssp_duan_et_al_iter,0.014344319999509025,50000.0,n100000k0.50i2,False,0.002
100000,0.5,sssp_duan_et_al_iter,0.01485455999863916,50000.0,n100000k0.50i2,False,0.002
100000,0.5,sssp_duan_et_al_iter,0.01488220000101137,50000.0,n100000k0.50i2,False,0.002
100000,0.5,sssp_duan_et_al_iter,0.014408920000278158,50000.0,n100000k0.50i2,False,0.002
100000,0.5,dijkstra,0.04396959999940009,50000.0,n100000k0.50i3,False,0.001
100000,0.5,dijkstra,0.043820200000482146,50000.0,n100000k0.50i3,False,0.001
100000,0.5,dijkstra,0.040342039999814006,50000.0,n100000k0.50i3,False,0.001
100000,0.5,dijkstra,0.04389891999744577,50000.0,n100000k0.50i3,False,0.001
100000,0.5,dijkstra,0.04277087999798823,50000.0,n100000k0.50i3,False,0.001
100000,0.5,sssp_duan_et_al,0.01878532000046107,50000.0,n100000k0.50i3,False,0.001
100000,0.5,sssp_duan_et_al,0.01467315999980201,50000.0,n100000k0.50i3,False,0.001
100000,0.5,sssp_duan_et_al,0.015026280001620762,50000.0,n100000k0.50i3,False,0.001
100000,0.5,sssp_duan_et_al,0.015032039998914115,50000.0,n100000k0.50i3,False,0.001
100000,0.5,sssp_duan_et_al,0.014541279997501988,50000.0,n100000k0.50i3,False,0.001
100000,0.5,sssp_duan_et_al_iter,0.014992399999755435,50000.0,n100000k0.50i3,False,0.001
100000,0.5,sssp_duan_et_al_iter,0.014888639998389408,50000.0,n100000k0.50i3,False,0.001
100000,0.5,sssp_duan_et_al_iter,0.01527659999919706,50000.0,n100000k0.50i3,False,0.001
100000,0.5,sssp_duan_et_al_iter,0.015251839999109507,50000.0,n100000k0.50i3,False,0.001
100000,0.5,sssp_duan_et_al_iter,0.01505964000170934,50000.0,n100000k0.50i3,False,0.001
100000,0.5,dijkstra,0.04562979999900563,50000.0,n100000k0.50i4,False,0.001
100000,0.5,dijkstra,0.044162120000692084,50000.0,n100000k0.50i4,False,0.001
100000,0.5,dijkstra,0.04435387999910745,50000.0,n100000k0.50i4,False,0.001
100000,0.5,dijkstra,0.04442271999869263,50000.0,n100000k0.50i4,False,0.001
100000,0.5,dijkstra,0.04555380000238074,50000.0,n100000k0.50i4,False,0.001
100000,0.5,sssp_duan_et_al,0.015647880001779413,50000.0,n100000k0.50i4,False,0.001
100000,0.5,sssp_duan_et_al,0.014090920001763152,50000.0,n100000k0.50i4,False,0.001
100000,0.5,sssp_duan_et_al,0.014887160003127065,50000.0,n100000k0.50i4,False,0.001
100000,0.5,sssp_duan_et_al,0.014667760002339492,50000.0,n100000k0.50i4,False,0.001
100000,0.5,sssp_duan_et_al,0.0146747199978563,50000.0,n100000k0.50i4,False,0.001
100000,0.5,sssp_duan_et_al_iter,0.01472636000107741,50000.0,n100000k0.50i4,False,0.001
100000,0.5,sssp_duan_et_al_iter,0.014693600001919549,50000.0,n100000k0.50i4,False,0.001
100000,0.5,sssp_duan_et_al_iter,0.014686319998872932,50000.0,n100000k0.50i4,False,0.001
100000,0.5,sssp_duan_et_al_iter,0.015010440001788083,50000.0,n100000k0.50i4,False,0.001
100000,0.5,sssp_duan_et_al_iter,0.014355880000948673,50000.0,n100000k0.50i4,False,0.001
