num_vertices,avg_degree_k,algorithm,execution_time,edge_estimate,graph,fully_reachable,explored_percentage
10000,5,dijkstra,0.04239791999999999,50000,n10000k5.00i0,False,99.36
10000,5,dijkstra,0.044445200000000004,50000,n10000k5.00i0,False,99.36
10000,5,dijkstra,0.0425276,50000,n10000k5.00i0,False,99.36
10000,5,dijkstra,0.04440488000000001,50000,n10000k5.00i0,False,99.36
10000,5,dijkstra,0.043390879999999965,50000,n10000k5.00i0,False,99.36
10000,5,sssp_duan_et_al,0.6523486000000001,50000,n10000k5.00i0,False,99.36
10000,5,sssp_duan_et_al,0.6477068400000001,50000,n10000k5.00i0,False,99.36
10000,5,sssp_duan_et_al,0.63700632,50000,n10000k5.00i0,False,99.36
10000,5,sssp_duan_et_al,0.6384880799999997,50000,n10000k5.00i0,False,99.36
10000,5,sssp_duan_et_al,0.6413501199999998,50000,n10000k5.00i0,False,99.36
10000,5,sssp_duan_et_al_iter,0.6421232400000001,50000,n10000k5.00i0,False,99.36
10000,5,sssp_duan_et_al_iter,0.6392594800000007,50000,n10000k5.00i0,False,99.36
10000,5,sssp_duan_et_al_iter,0.6899190800000001,50000,n10000k5.00i0,False,99.36
10000,5,sssp_duan_et_al_iter,0.7654891600000004,50000,n10000k5.00i0,False,99.36
10000,5,sssp_duan_et_al_iter,0.7603869999999997,50000,n10000k5.00i0,False,99.36
10000,5,dijkstra,0.056811399999999956,50000,n10000k5.00i1,False,99.29
10000,5,dijkstra,0.062036400000000214,50000,n10000k5.00i1,False,99.29
10000,5,dijkstra,0.05827431999999977,50000,n10000k5.00i1,False,99.29
10000,5,dijkstra,0.05924740000000028,50000,n10000k5.00i1,False,99.29
10000,5,dijkstra,0.05145764000000064,50000,n10000k5.00i1,False,99.29
10000,5,sssp_duan_et_al,0.7092034400000005,50000,n10000k5.00i1,False,99.29
10000,5,sssp_duan_et_al,0.7186714399999996,50000,n10000k5.00i1,False,99.29
10000,5,sssp_duan_et_al,0.6722189200000006,50000,n10000k5.00i1,False,99.29
10000,5,sssp_duan_et_al,0.6468512400000002,50000,n10000k5.00i1,False,99.29
10000,5,sssp_duan_et_al,0.6312147200000009,50000,n10000k5.00i1,False,99.29
10000,5,sssp_duan_et_al_iter,0.626112319999999,50000,n10000k5.00i1,False,99.29
10000,5,sssp_duan_et_al_iter,0.6517106000000013,50000,n10000k5.00i1,False,99.29
10000,5,sssp_duan_et_al_iter,0.6353620000000006,50000,n10000k5.00i1,False,99.29
10000,5,sssp_duan_et_al_iter,0.6428658400000007,50000,n10000k5.00i1,False,99.29
10000,5,sssp_duan_et_al_iter,0.647764239999999,50000,n10000k5.00i1,False,99.29
10000,5,dijkstra,0.06259788000000022,50000,n10000k5.00i2,False,99.28
10000,5,dijkstra,0.05886152000000067,50000,n10000k5.00i2,False,99.28
10000,5,dijkstra,0.05977447999999974,50000,n10000k5.00i2,False,99.28
10000,5,dijkstra,0.05993336000000049,50000,n10000k5.00i2,False,99.28
10000,5,dijkstra,0.06076835999999908,50000,n10000k5.00i2,False,99.28
10000,5,sssp_duan_et_al,0.7048449199999993,50000,n10000k5.00i2,False,99.28
10000,5,sssp_duan_et_al,0.6795818000000011,50000,n10000k5.00i2,False,99.28
10000,5,sssp_duan_et_al,0.6684201600000002,50000,n10000k5.00i2,False,99.28
10000,5,sssp_duan_et_al,0.6874976400000001,50000,n10000k5.00i2,False,99.28
10000,5,sssp_duan_et_al,0.684505999999999,50000,n10000k5.00i2,False,99.28
10000,5,sssp_duan_et_al_iter,0.6583772799999998,50000,n10000k5.00i2,False,99.28
10000,5,sssp_duan_et_al_iter,0.6489840799999982,50000,n10000k5.00i2,False,99.28
10000,5,sssp_duan_et_al_iter,0.6582408000000015,50000,n10000k5.00i2,False,99.28
10000,5,sssp_duan_et_al_iter,0.6560606,50000,n10000k5.00i2,False,99.28
10000,5,sssp_duan_et_al_iter,0.6508928800000007,50000,n10000k5.00i2,False,99.28
10000,5,dijkstra,0.05521839999999756,50000,n10000k5.00i3,False,99.44
10000,5,dijkstra,0.05457896000000062,50000,n10000k5.00i3,False,99.44
10000,5,dijkstra,0.05618312000000003,50000,n10000k5.00i3,False,99.44
10000,5,dijkstra,0.05749804000000225,50000,n10000k5.00i3,False,99.44
10000,5,dijkstra,0.05462812000000028,50000,n10000k5.00i3,False,99.44
10000,5,sssp_duan_et_al,0.7210000399999998,50000,n10000k5.00i3,False,99.44
10000,5,sssp_duan_et_al,0.7374039600000017,50000,n10000k5.00i3,False,99.44
10000,5,sssp_duan_et_al,0.721651480000002,50000,n10000k5.00i3,False,99.44
10000,5,sssp_duan_et_al,0.7286040400000005,50000,n10000k5.00i3,False,99.44
10000,5,sssp_duan_et_al,0.732176759999998,50000,n10000k5.00i3,False,99.44
10000,5,sssp_duan_et_al_iter,0.7290693200000007,50000,n10000k5.00i3,False,99.44
10000,5,sssp_duan_et_al_iter,0.7427089600000016,50000,n10000k5.00i3,False,99.44
10000,5,sssp_duan_et_al_iter,0.7497517599999988,50000,n10000k5.00i3,False,99.44
10000,5,sssp_duan_et_al_iter,0.7331754799999999,50000,n10000k5.00i3,False,99.44
10000,5,sssp_duan_et_al_iter,0.7277920800000004,50000,n10000k5.00i3,False,99.44
10000,5,dijkstra,0.05962815999999904,50000,n10000k5.00i4,False,99.38
10000,5,dijkstra,0.05862700000000132,50000,n10000k5.00i4,False,99.38
10000,5,dijkstra,0.06031607999999977,50000,n10000k5.00i4,False,99.38
10000,5,dijkstra,0.06261931999999959,50000,n10000k5.00i4,False,99.38
10000,5,dijkstra,0.06258836000000301,50000,n10000k5.00i4,False,99.38
10000,5,sssp_duan_et_al,0.7311037200000001,50000,n10000k5.00i4,False,99.38
10000,5,sssp_duan_et_al,0.7345967599999987,50000,n10000k5.00i4,False,99.38
10000,5,sssp_duan_et_al,0.7121215999999961,50000,n10000k5.00i4,False,99.38
10000,5,sssp_duan_et_al,0.7311517999999992,50000,n10000k5.00i4,False,99.38
10000,5,sssp_duan_et_al,0.7036355199999988,50000,n10000k5.00i4,False,99.38
10000,5,sssp_duan_et_al_iter,0.7178889599999962,50000,n10000k5.00i4,False,99.38
10000,5,sssp_duan_et_al_iter,0.7188560399999986,50000,n10000k5.00i4,False,99.38
10000,5,sssp_duan_et_al_iter,0.7165888000000038,50000,n10000k5.00i4,False,99.38
10000,5,sssp_duan_et_al_iter,0.7059945999999968,50000,n10000k5.00i4,False,99.38
10000,5,sssp_duan_et_al_iter,0.7129947200000046,50000,n10000k5.00i4,False,99.38
10000,3,dijkstra,0.037606280000005654,30000,n10000k3.00i0,False,94.16
10000,3,dijkstra,0.034928399999998305,30000,n10000k3.00i0,False,94.16
10000,3,dijkstra,0.03396591999999998,30000,n10000k3.00i0,False,94.16
10000,3,dijkstra,0.03573300000000046,30000,n10000k3.00i0,False,94.16
10000,3,dijkstra,0.037398480000000234,30000,n10000k3.00i0,False,94.16
10000,3,sssp_duan_et_al,0.39721619999999547,30000,n10000k3.00i0,False,94.16
10000,3,sssp_duan_et_al,0.3785072800000009,30000,n10000k3.00i0,False,94.16
10000,3,sssp_duan_et_al,0.3789556000000047,30000,n10000k3.00i0,False,94.16
10000,3,sssp_duan_et_al,0.3896156799999986,30000,n10000k3.00i0,False,94.16
10000,3,sssp_duan_et_al,0.3820440399999967,30000,n10000k3.00i0,False,94.16
10000,3,sssp_duan_et_al_iter,0.3856422000000066,30000,n10000k3.00i0,False,94.16
10000,3,sssp_duan_et_al_iter,0.3851168800000053,30000,n10000k3.00i0,False,94.16
10000,3,sssp_duan_et_al_iter,0.3818306399999969,30000,n10000k3.00i0,False,94.16
10000,3,sssp_duan_et_al_iter,0.38914431999999977,30000,n10000k3.00i0,False,94.16
10000,3,sssp_duan_et_al_iter,0.38528248000000076,30000,n10000k3.00i0,False,94.16
10000,3,dijkstra,0.03641203999999476,30000,n10000k3.00i1,False,93.78
10000,3,dijkstra,0.037668600000003494,30000,n10000k3.00i1,False,93.78
10000,3,dijkstra,0.036751120000005244,30000,n10000k3.00i1,False,93.78
10000,3,dijkstra,0.037295640000003516,30000,n10000k3.00i1,False,93.78
10000,3,dijkstra,0.03618488000000042,30000,n10000k3.00i1,False,93.78
10000,3,sssp_duan_et_al,0.43274611999999735,30000,n10000k3.00i1,False,93.78
10000,3,sssp_duan_et_al,0.44543720000000064,30000,n10000k3.00i1,False,93.78
10000,3,sssp_duan_et_al,0.44073496000000034,30000,n10000k3.00i1,False,93.78
10000,3,sssp_duan_et_al,0.44291708000000085,30000,n10000k3.00i1,False,93.78
10000,3,sssp_duan_et_al,0.4428027599999993,30000,n10000k3.00i1,False,93.78
10000,3,sssp_duan_et_al_iter,0.46281828000000047,30000,n10000k3.00i1,False,93.78
10000,3,sssp_duan_et_al_iter,0.4512990800000054,30000,n10000k3.00i1,False,93.78
10000,3,sssp_duan_et_al_iter,0.44070571999999686,30000,n10000k3.00i1,False,93.78
10000,3,sssp_duan_et_al_iter,0.43753459999999933,30000,n10000k3.00i1,False,93.78
10000,3,sssp_duan_et_al_iter,0.4376484000000005,30000,n10000k3.00i1,False,93.78
10000,3,dijkstra,0.038474639999996896,30000,n10000k3.00i2,False,94.16
10000,3,dijkstra,0.038003320000001395,30000,n10000k3.00i2,False,94.16
10000,3,dijkstra,0.04026100000000099,30000,n10000k3.00i2,False,94.16
10000,3,dijkstra,0.03735100000000102,30000,n10000k3.00i2,False,94.16
10000,3,dijkstra,0.038348840000004714,30000,n10000k3.00i2,False,94.16
10000,3,sssp_duan_et_al,0.4174691600000031,30000,n10000k3.00i2,False,94.16
10000,3,sssp_duan_et_al,0.4284741200000042,30000,n10000k3.00i2,False,94.16
10000,3,sssp_duan_et_al,0.41422847999999846,30000,n10000k3.00i2,False,94.16
10000,3,sssp_duan_et_al,0.41563488000000604,30000,n10000k3.00i2,False,94.16
10000,3,sssp_duan_et_al,0.4177445199999994,30000,n10000k3.00i2,False,94.16
10000,3,sssp_duan_et_al_iter,0.41864403999999666,30000,n10000k3.00i2,False,94.16
10000,3,sssp_duan_et_al_iter,0.4209335199999984,30000,n10000k3.00i2,False,94.16
10000,3,sssp_duan_et_al_iter,0.41657872000000395,30000,n10000k3.00i2,False,94.16
10000,3,sssp_duan_et_al_iter,0.4219129600000002,30000,n10000k3.00i2,False,94.16
10000,3,sssp_duan_et_al_iter,0.41248840000000087,30000,n10000k3.00i2,False,94.16
10000,3,dijkstra,0.03783539999999874,30000,n10000k3.00i3,False,93.52000000000001
10000,3,dijkstra,0.034706520000000296,30000,n10000k3.00i3,False,93.52000000000001
10000,3,dijkstra,0.03751255999999614,30000,n10000k3.00i3,False,93.52000000000001
10000,3,dijkstra,0.03710895999999764,30000,n10000k3.00i3,False,93.52000000000001
10000,3,dijkstra,0.03863095999999899,30000,n10000k3.00i3,False,93.52000000000001
10000,3,sssp_duan_et_al,0.43898355999999694,30000,n10000k3.00i3,False,93.52000000000001
10000,3,sssp_duan_et_al,0.4392458800000014,30000,n10000k3.00i3,False,93.52000000000001
10000,3,sssp_duan_et_al,0.44248755999999645,30000,n10000k3.00i3,False,93.52000000000001
10000,3,sssp_duan_et_al,0.4432655200000042,30000,n10000k3.00i3,False,93.52000000000001
10000,3,sssp_duan_et_al,0.4400821199999996,30000,n10000k3.00i3,False,93.52000000000001
10000,3,sssp_duan_et_al_iter,0.4436108800000014,30000,n10000k3.00i3,False,93.52000000000001
10000,3,sssp_duan_et_al_iter,0.44719836000000157,30000,n10000k3.00i3,False,93.52000000000001
10000,3,sssp_duan_et_al_iter,0.45249416000000053,30000,n10000k3.00i3,False,93.52000000000001
10000,3,sssp_duan_et_al_iter,0.4485368799999989,30000,n10000k3.00i3,False,93.52000000000001
10000,3,sssp_duan_et_al_iter,0.4426210399999988,30000,n10000k3.00i3,False,93.52000000000001
10000,3,dijkstra,0.03901683999999506,30000,n10000k3.00i4,False,93.71000000000001
10000,3,dijkstra,0.0374129600000046,30000,n10000k3.00i4,False,93.71000000000001
10000,3,dijkstra,0.0391841200000016,30000,n10000k3.00i4,False,93.71000000000001
10000,3,dijkstra,0.03742387999999863,30000,n10000k3.00i4,False,93.71000000000001
10000,3,dijkstra,0.03912820000000039,30000,n10000k3.00i4,False,93.71000000000001
10000,3,sssp_duan_et_al,0.42321859999999845,30000,n10000k3.00i4,False,93.71000000000001
10000,3,sssp_duan_et_al,0.42221671999999444,30000,n10000k3.00i4,False,93.71000000000001
10000,3,sssp_duan_et_al,0.4246892800000026,30000,n10000k3.00i4,False,93.71000000000001
10000,3,sssp_duan_et_al,0.4074409999999986,30000,n10000k3.00i4,False,93.71000000000001
10000,3,sssp_duan_et_al,0.4086550400000064,30000,n10000k3.00i4,False,93.71000000000001
10000,3,sssp_duan_et_al_iter,0.4107734399999998,30000,n10000k3.00i4,False,93.71000000000001
10000,3,sssp_duan_et_al_iter,0.402372800000002,30000,n10000k3.00i4,False,93.71000000000001
10000,3,sssp_duan_et_al_iter,0.40597436000000187,30000,n10000k3.00i4,False,93.71000000000001
10000,3,sssp_duan_et_al_iter,0.4116730399999966,30000,n10000k3.00i4,False,93.71000000000001
10000,3,sssp_duan_et_al_iter,0.40895160000000175,30000,n10000k3.00i4,False,93.71000000000001
10000,1,dijkstra,0.0037408399999989683,10000,n10000k1.00i0,False,0.01
10000,1,dijkstra,0.0033161600000042313,10000,n10000k1.00i0,False,0.01
10000,1,dijkstra,0.003229080000004103,10000,n10000k1.00i0,False,0.01
10000,1,dijkstra,0.0031348400000013044,10000,n10000k1.00i0,False,0.01
10000,1,dijkstra,0.003133359999999641,10000,n10000k1.00i0,False,0.01
10000,1,sssp_duan_et_al,0.0015960400000025743,10000,n10000k1.00i0,False,0.01
10000,1,sssp_duan_et_al,0.0015071199999994178,10000,n10000k1.00i0,False,0.01
10000,1,sssp_duan_et_al,0.0015220800000008694,10000,n10000k1.00i0,False,0.01
10000,1,sssp_duan_et_al,0.0015342800000013312,10000,n10000k1.00i0,False,0.01
10000,1,sssp_duan_et_al,0.0015083599999954345,10000,n10000k1.00i0,False,0.01
10000,1,sssp_duan_et_al_iter,0.0015422399999991399,10000,n10000k1.00i0,False,0.01
10000,1,sssp_duan_et_al_iter,0.0014960799999954588,10000,n10000k1.00i0,False,0.01
10000,1,sssp_duan_et_al_iter,0.0015079600000049709,10000,n10000k1.00i0,False,0.01
10000,1,sssp_duan_et_al_iter,0.0015297200000006228,10000,n10000k1.00i0,False,0.01
10000,1,sssp_duan_et_al_iter,0.0015025599999987094,10000,n10000k1.00i0,False,0.01
10000,1,dijkstra,0.0031576800000010508,10000,n10000k1.00i1,False,0.62
10000,1,dijkstra,0.002992680000005521,10000,n10000k1.00i1,False,0.62
10000,1,dijkstra,0.002969040000003531,10000,n10000k1.00i1,False,0.62
10000,1,dijkstra,0.002912360000003389,10000,n10000k1.00i1,False,0.62
10000,1,dijkstra,0.002974840000000256,10000,n10000k1.00i1,False,0.62
10000,1,sssp_duan_et_al,0.0022512800000029642,10000,n10000k1.00i1,False,0.62
10000,1,sssp_duan_et_al,0.002149119999998561,10000,n10000k1.00i1,False,0.62
10000,1,sssp_duan_et_al,0.002147879999995439,10000,n10000k1.00i1,False,0.62
10000,1,sssp_duan_et_al,0.002110319999999888,10000,n10000k1.00i1,False,0.62
10000,1,sssp_duan_et_al,0.002115079999995828,10000,n10000k1.00i1,False,0.62
10000,1,sssp_duan_et_al_iter,0.002164480000004687,10000,n10000k1.00i1,False,0.62
10000,1,sssp_duan_et_al_iter,0.002172080000001131,10000,n10000k1.00i1,False,0.62
10000,1,sssp_duan_et_al_iter,0.002173439999999971,10000,n10000k1.00i1,False,0.62
10000,1,sssp_duan_et_al_iter,0.0021199599999945917,10000,n10000k1.00i1,False,0.62
10000,1,sssp_duan_et_al_iter,0.002174879999998325,10000,n10000k1.00i1,False,0.62
10000,1,dijkstra,0.0036796400000014273,10000,n10000k1.00i2,False,0.01
10000,1,dijkstra,0.003312519999994379,10000,n10000k1.00i2,False,0.01
10000,1,dijkstra,0.003145199999998738,10000,n10000k1.00i2,False,0.01
10000,1,dijkstra,0.0030424399999944285,10000,n10000k1.00i2,False,0.01
10000,1,dijkstra,0.003013519999996106,10000,n10000k1.00i2,False,0.01
10000,1,sssp_duan_et_al,0.0015868799999978478,10000,n10000k1.00i2,False,0.01
10000,1,sssp_duan_et_al,0.0015078799999983516,10000,n10000k1.00i2,False,0.01
10000,1,sssp_duan_et_al,0.0014906400000000986,10000,n10000k1.00i2,False,0.01
10000,1,sssp_duan_et_al,0.0014832799999950907,10000,n10000k1.00i2,False,0.01
10000,1,sssp_duan_et_al,0.0014815199999986817,10000,n10000k1.00i2,False,0.01
10000,1,sssp_duan_et_al_iter,0.0015119999999981815,10000,n10000k1.00i2,False,0.01
10000,1,sssp_duan_et_al_iter,0.0015306399999985842,10000,n10000k1.00i2,False,0.01
10000,1,sssp_duan_et_al_iter,0.001491160000000491,10000,n10000k1.00i2,False,0.01
10000,1,sssp_duan_et_al_iter,0.001496559999999647,10000,n10000k1.00i2,False,0.01
10000,1,sssp_duan_et_al_iter,0.0014895999999993137,10000,n10000k1.00i2,False,0.01
10000,1,dijkstra,0.003657760000002952,10000,n10000k1.00i3,False,1.25
10000,1,dijkstra,0.0032469599999984666,10000,n10000k1.00i3,False,1.25
10000,1,dijkstra,0.003166720000002954,10000,n10000k1.00i3,False,1.25
10000,1,dijkstra,0.0030949599999985367,10000,n10000k1.00i3,False,1.25
10000,1,dijkstra,0.003138640000003079,10000,n10000k1.00i3,False,1.25
10000,1,sssp_duan_et_al,0.003142799999999113,10000,n10000k1.00i3,False,1.25
10000,1,sssp_duan_et_al,0.0030853199999967273,10000,n10000k1.00i3,False,1.25
10000,1,sssp_duan_et_al,0.0030578000000005545,10000,n10000k1.00i3,False,1.25
10000,1,sssp_duan_et_al,0.0030609999999953175,10000,n10000k1.00i3,False,1.25
10000,1,sssp_duan_et_al,0.0030311999999952377,10000,n10000k1.00i3,False,1.25
10000,1,sssp_duan_et_al_iter,0.0031207199999983004,10000,n10000k1.00i3,False,1.25
10000,1,sssp_duan_et_al_iter,0.0031026400000015997,10000,n10000k1.00i3,False,1.25
10000,1,sssp_duan_et_al_iter,0.003075840000001051,10000,n10000k1.00i3,False,1.25
10000,1,sssp_duan_et_al_iter,0.003108640000000662,10000,n10000k1.00i3,False,1.25
10000,1,sssp_duan_et_al_iter,0.003105520000005413,10000,n10000k1.00i3,False,1.25
10000,1,dijkstra,0.003533679999996764,10000,n10000k1.00i4,False,0.01
10000,1,dijkstra,0.003277959999998359,10000,n10000k1.00i4,False,0.01
10000,1,dijkstra,0.003185960000003263,10000,n10000k1.00i4,False,0.01
10000,1,dijkstra,0.0032367600000000607,10000,n10000k1.00i4,False,0.01
10000,1,dijkstra,0.0031697199999953796,10000,n10000k1.00i4,False,0.01
10000,1,sssp_duan_et_al,0.0015963600000006295,10000,n10000k1.00i4,False,0.01
10000,1,sssp_duan_et_al,0.0015560800000002928,10000,n10000k1.00i4,False,0.01
10000,1,sssp_duan_et_al,0.0015317200000026787,10000,n10000k1.00i4,False,0.01
10000,1,sssp_duan_et_al,0.0015440000000026544,10000,n10000k1.00i4,False,0.01
10000,1,sssp_duan_et_al,0.0015119199999986677,10000,n10000k1.00i4,False,0.01
10000,1,sssp_duan_et_al_iter,0.0015268399999968096,10000,n10000k1.00i4,False,0.01
10000,1,sssp_duan_et_al_iter,0.0015174800000039568,10000,n10000k1.00i4,False,0.01
10000,1,sssp_duan_et_al_iter,0.001535040000000265,10000,n10000k1.00i4,False,0.01
10000,1,sssp_duan_et_al_iter,0.001512159999997209,10000,n10000k1.00i4,False,0.01
10000,1,sssp_duan_et_al_iter,0.0015395200000014597,10000,n10000k1.00i4,False,0.01
10000,0.8,dijkstra,0.0030608400000033953,8000.0,n10000k0.80i0,False,0.01
10000,0.8,dijkstra,0.002921120000003441,8000.0,n10000k0.80i0,False,0.01
10000,0.8,dijkstra,0.0032529200000013248,8000.0,n10000k0.80i0,False,0.01
10000,0.8,dijkstra,0.0035535200000040845,8000.0,n10000k0.80i0,False,0.01
10000,0.8,dijkstra,0.003553480000000775,8000.0,n10000k0.80i0,False,0.01
10000,0.8,sssp_duan_et_al,0.001642119999999636,8000.0,n10000k0.80i0,False,0.01
10000,0.8,sssp_duan_et_al,0.001469400000004839,8000.0,n10000k0.80i0,False,0.01
10000,0.8,sssp_duan_et_al,0.0014269200000001092,8000.0,n10000k0.80i0,False,0.01
10000,0.8,sssp_duan_et_al,0.001375719999998637,8000.0,n10000k0.80i0,False,0.01
10000,0.8,sssp_duan_et_al,0.001409000000002436,8000.0,n10000k0.80i0,False,0.01
10000,0.8,sssp_duan_et_al_iter,0.0013599599999949419,8000.0,n10000k0.80i0,False,0.01
10000,0.8,sssp_duan_et_al_iter,0.0014125599999985639,8000.0,n10000k0.80i0,False,0.01
10000,0.8,sssp_duan_et_al_iter,0.0013643999999999323,8000.0,n10000k0.80i0,False,0.01
10000,0.8,sssp_duan_et_al_iter,0.001426999999999623,8000.0,n10000k0.80i0,False,0.01
10000,0.8,sssp_duan_et_al_iter,0.0013839599999982966,8000.0,n10000k0.80i0,False,0.01
10000,0.8,dijkstra,0.0033537999999992962,8000.0,n10000k0.80i1,False,0.02
10000,0.8,dijkstra,0.003386960000000272,8000.0,n10000k0.80i1,False,0.02
10000,0.8,dijkstra,0.0031925999999984356,8000.0,n10000k0.80i1,False,0.02
10000,0.8,dijkstra,0.003019080000001395,8000.0,n10000k0.80i1,False,0.02
10000,0.8,dijkstra,0.0030497999999994363,8000.0,n10000k0.80i1,False,0.02
10000,0.8,sssp_duan_et_al,0.0015489199999976222,8000.0,n10000k0.80i1,False,0.02
10000,0.8,sssp_duan_et_al,0.0015137599999945905,8000.0,n10000k0.80i1,False,0.02
10000,0.8,sssp_duan_et_al,0.0014211599999995883,8000.0,n10000k0.80i1,False,0.02
10000,0.8,sssp_duan_et_al,0.0013974000000018805,8000.0,n10000k0.80i1,False,0.02
10000,0.8,sssp_duan_et_al,0.0013912399999966851,8000.0,n10000k0.80i1,False,0.02
10000,0.8,sssp_duan_et_al_iter,0.0014073599999946396,8000.0,n10000k0.80i1,False,0.02
10000,0.8,sssp_duan_et_al_iter,0.0014036399999994842,8000.0,n10000k0.80i1,False,0.02
10000,0.8,sssp_duan_et_al_iter,0.0013853600000004462,8000.0,n10000k0.80i1,False,0.02
10000,0.8,sssp_duan_et_al_iter,0.0014100799999994251,8000.0,n10000k0.80i1,False,0.02
10000,0.8,sssp_duan_et_al_iter,0.0013695199999972374,8000.0,n10000k0.80i1,False,0.02
10000,0.8,dijkstra,0.0031675600000014015,8000.0,n10000k0.80i2,False,0.25
10000,0.8,dijkstra,0.0028681999999946584,8000.0,n10000k0.80i2,False,0.25
10000,0.8,dijkstra,0.002852359999998555,8000.0,n10000k0.80i2,False,0.25
10000,0.8,dijkstra,0.002773359999999059,8000.0,n10000k0.80i2,False,0.25
10000,0.8,dijkstra,0.002830280000004848,8000.0,n10000k0.80i2,False,0.25
10000,0.8,sssp_duan_et_al,0.00174147999999974,8000.0,n10000k0.80i2,False,0.25
10000,0.8,sssp_duan_et_al,0.0017216399999995247,8000.0,n10000k0.80i2,False,0.25
10000,0.8,sssp_duan_et_al,0.0016387599999987401,8000.0,n10000k0.80i2,False,0.25
10000,0.8,sssp_duan_et_al,0.0016233200000002057,8000.0,n10000k0.80i2,False,0.25
10000,0.8,sssp_duan_et_al,0.0016015599999974484,8000.0,n10000k0.80i2,False,0.25
10000,0.8,sssp_duan_et_al_iter,0.0016677600000036819,8000.0,n10000k0.80i2,False,0.25
10000,0.8,sssp_duan_et_al_iter,0.0016907199999991462,8000.0,n10000k0.80i2,False,0.25
10000,0.8,sssp_duan_et_al_iter,0.0016296399999973232,8000.0,n10000k0.80i2,False,0.25
10000,0.8,sssp_duan_et_al_iter,0.0016956000000050153,8000.0,n10000k0.80i2,False,0.25
10000,0.8,sssp_duan_et_al_iter,0.00163672000000048,8000.0,n10000k0.80i2,False,0.25
10000,0.8,dijkstra,0.0030989999999988527,8000.0,n10000k0.80i3,False,0.02
10000,0.8,dijkstra,0.0030226000000013187,8000.0,n10000k0.80i3,False,0.02
10000,0.8,dijkstra,0.0028628800000021215,8000.0,n10000k0.80i3,False,0.02
10000,0.8,dijkstra,0.0027353199999993194,8000.0,n10000k0.80i3,False,0.02
10000,0.8,dijkstra,0.002725959999999361,8000.0,n10000k0.80i3,False,0.02
10000,0.8,sssp_duan_et_al,0.001499240000001123,8000.0,n10000k0.80i3,False,0.02
10000,0.8,sssp_duan_et_al,0.0013385199999973452,8000.0,n10000k0.80i3,False,0.02
10000,0.8,sssp_duan_et_al,0.0014295599999982755,8000.0,n10000k0.80i3,False,0.02
10000,0.8,sssp_duan_et_al,0.0013566800000006651,8000.0,n10000k0.80i3,False,0.02
10000,0.8,sssp_duan_et_al,0.0013287199999965082,8000.0,n10000k0.80i3,False,0.02
10000,0.8,sssp_duan_et_al_iter,0.00135975999999971,8000.0,n10000k0.80i3,False,0.02
10000,0.8,sssp_duan_et_al_iter,0.0013748800000001893,8000.0,n10000k0.80i3,False,0.02
10000,0.8,sssp_duan_et_al_iter,0.001361599999995633,8000.0,n10000k0.80i3,False,0.02
10000,0.8,sssp_duan_et_al_iter,0.0013966799999991508,8000.0,n10000k0.80i3,False,0.02
10000,0.8,sssp_duan_et_al_iter,0.00134571999999622,8000.0,n10000k0.80i3,False,0.02
10000,0.8,dijkstra,0.0029551599999990685,8000.0,n10000k0.80i4,False,0.01
10000,0.8,dijkstra,0.002685600000006616,8000.0,n10000k0.80i4,False,0.01
10000,0.8,dijkstra,0.002665400000005036,8000.0,n10000k0.80i4,False,0.01
10000,0.8,dijkstra,0.0026375999999999067,8000.0,n10000k0.80i4,False,0.01
10000,0.8,dijkstra,0.002631280000002789,8000.0,n10000k0.80i4,False,0.01
10000,0.8,sssp_duan_et_al,0.0014186800000004496,8000.0,n10000k0.80i4,False,0.01
10000,0.8,sssp_duan_et_al,0.0013433599999999046,8000.0,n10000k0.80i4,False,0.01
10000,0.8,sssp_duan_et_al,0.001366760000003353,8000.0,n10000k0.80i4,False,0.01
10000,0.8,sssp_duan_et_al,0.0013704799999985084,8000.0,n10000k0.80i4,False,0.01
10000,0.8,sssp_duan_et_al,0.0013558799999984217,8000.0,n10000k0.80i4,False,0.01
10000,0.8,sssp_duan_et_al_iter,0.0013963200000048914,8000.0,n10000k0.80i4,False,0.01
10000,0.8,sssp_duan_et_al_iter,0.0013713600000002657,8000.0,n10000k0.80i4,False,0.01
10000,0.8,sssp_duan_et_al_iter,0.0013930799999997134,8000.0,n10000k0.80i4,False,0.01
10000,0.8,sssp_duan_et_al_iter,0.0013646399999984737,8000.0,n10000k0.80i4,False,0.01
10000,0.8,sssp_duan_et_al_iter,0.0013774400000059472,8000.0,n10000k0.80i4,False,0.01
10000,0.7,dijkstra,0.0026976800000042545,7000.0,n10000k0.70i0,False,0.06
10000,0.7,dijkstra,0.002573160000004293,7000.0,n10000k0.70i0,False,0.06
10000,0.7,dijkstra,0.0025074800000055575,7000.0,n10000k0.70i0,False,0.06
10000,0.7,dijkstra,0.002472640000000581,7000.0,n10000k0.70i0,False,0.06
10000,0.7,dijkstra,0.002466280000000154,7000.0,n10000k0.70i0,False,0.06
10000,0.7,sssp_duan_et_al,0.0014602000000039084,7000.0,n10000k0.70i0,False,0.06
10000,0.7,sssp_duan_et_al,0.0014421200000001022,7000.0,n10000k0.70i0,False,0.06
10000,0.7,sssp_duan_et_al,0.0013501200000050062,7000.0,n10000k0.70i0,False,0.06
10000,0.7,sssp_duan_et_al,0.0013747200000011617,7000.0,n10000k0.70i0,False,0.06
10000,0.7,sssp_duan_et_al,0.0013140400000040131,7000.0,n10000k0.70i0,False,0.06
10000,0.7,sssp_duan_et_al_iter,0.0013355600000011236,7000.0,n10000k0.70i0,False,0.06
10000,0.7,sssp_duan_et_al_iter,0.0013289199999988455,7000.0,n10000k0.70i0,False,0.06
10000,0.7,sssp_duan_et_al_iter,0.0013419200000015508,7000.0,n10000k0.70i0,False,0.06
10000,0.7,sssp_duan_et_al_iter,0.0013177999999953727,7000.0,n10000k0.70i0,False,0.06
10000,0.7,sssp_duan_et_al_iter,0.0013521600000032663,7000.0,n10000k0.70i0,False,0.06
10000,0.7,dijkstra,0.002612440000000049,7000.0,n10000k0.70i1,False,0.01
10000,0.7,dijkstra,0.0024499599999998622,7000.0,n10000k0.70i1,False,0.01
10000,0.7,dijkstra,0.0023761200000009808,7000.0,n10000k0.70i1,False,0.01
10000,0.7,dijkstra,0.002364960000001304,7000.0,n10000k0.70i1,False,0.01
10000,0.7,dijkstra,0.0023241200000043705,7000.0,n10000k0.70i1,False,0.01
10000,0.7,sssp_duan_et_al,0.0013212400000028879,7000.0,n10000k0.70i1,False,0.01
10000,0.7,sssp_duan_et_al,0.0012398000000004572,7000.0,n10000k0.70i1,False,0.01
10000,0.7,sssp_duan_et_al,0.0012669999999985748,7000.0,n10000k0.70i1,False,0.01
10000,0.7,sssp_duan_et_al,0.0012093200000009574,7000.0,n10000k0.70i1,False,0.01
10000,0.7,sssp_duan_et_al,0.001232640000004892,7000.0,n10000k0.70i1,False,0.01
10000,0.7,sssp_duan_et_al_iter,0.0012128800000041906,7000.0,n10000k0.70i1,False,0.01
10000,0.7,sssp_duan_et_al_iter,0.0012704399999989846,7000.0,n10000k0.70i1,False,0.01
10000,0.7,sssp_duan_et_al_iter,0.0012448399999982485,7000.0,n10000k0.70i1,False,0.01
10000,0.7,sssp_duan_et_al_iter,0.0012103199999984326,7000.0,n10000k0.70i1,False,0.01
10000,0.7,sssp_duan_et_al_iter,0.0012146799999968039,7000.0,n10000k0.70i1,False,0.01
10000,0.7,dijkstra,0.002633119999998712,7000.0,n10000k0.70i2,False,0.04
10000,0.7,dijkstra,0.0024478400000020883,7000.0,n10000k0.70i2,False,0.04
10000,0.7,dijkstra,0.0024799600000022792,7000.0,n10000k0.70i2,False,0.04
10000,0.7,dijkstra,0.002451000000000647,7000.0,n10000k0.70i2,False,0.04
10000,0.7,dijkstra,0.0024292800000011994,7000.0,n10000k0.70i2,False,0.04
10000,0.7,sssp_duan_et_al,0.0013568399999996927,7000.0,n10000k0.70i2,False,0.04
10000,0.7,sssp_duan_et_al,0.0013182000000000471,7000.0,n10000k0.70i2,False,0.04
10000,0.7,sssp_duan_et_al,0.0012823600000047009,7000.0,n10000k0.70i2,False,0.04
10000,0.7,sssp_duan_et_al,0.0013283199999989392,7000.0,n10000k0.70i2,False,0.04
10000,0.7,sssp_duan_et_al,0.0012746800000016378,7000.0,n10000k0.70i2,False,0.04
10000,0.7,sssp_duan_et_al_iter,0.0013237600000053362,7000.0,n10000k0.70i2,False,0.04
10000,0.7,sssp_duan_et_al_iter,0.0012934399999977586,7000.0,n10000k0.70i2,False,0.04
10000,0.7,sssp_duan_et_al_iter,0.001281040000002065,7000.0,n10000k0.70i2,False,0.04
10000,0.7,sssp_duan_et_al_iter,0.0012692800000024818,7000.0,n10000k0.70i2,False,0.04
10000,0.7,sssp_duan_et_al_iter,0.001292880000001162,7000.0,n10000k0.70i2,False,0.04
10000,0.7,dijkstra,0.002530720000002873,7000.0,n10000k0.70i3,False,0.03
10000,0.7,dijkstra,0.002398360000000821,7000.0,n10000k0.70i3,False,0.03
10000,0.7,dijkstra,0.0023914000000004876,7000.0,n10000k0.70i3,False,0.03
10000,0.7,dijkstra,0.002368560000000741,7000.0,n10000k0.70i3,False,0.03
10000,0.7,dijkstra,0.0024316399999975147,7000.0,n10000k0.70i3,False,0.03
10000,0.7,sssp_duan_et_al,0.0013277600000023426,7000.0,n10000k0.70i3,False,0.03
10000,0.7,sssp_duan_et_al,0.0012708800000069687,7000.0,n10000k0.70i3,False,0.03
10000,0.7,sssp_duan_et_al,0.0012736800000041626,7000.0,n10000k0.70i3,False,0.03
10000,0.7,sssp_duan_et_al,0.001256559999994522,7000.0,n10000k0.70i3,False,0.03
10000,0.7,sssp_duan_et_al,0.0012845600000019886,7000.0,n10000k0.70i3,False,0.03
10000,0.7,sssp_duan_et_al_iter,0.0012631199999972864,7000.0,n10000k0.70i3,False,0.03
10000,0.7,sssp_duan_et_al_iter,0.0012524799999980019,7000.0,n10000k0.70i3,False,0.03
10000,0.7,sssp_duan_et_al_iter,0.0012466399999979672,7000.0,n10000k0.70i3,False,0.03
10000,0.7,sssp_duan_et_al_iter,0.0012459599999985471,7000.0,n10000k0.70i3,False,0.03
10000,0.7,sssp_duan_et_al_iter,0.001289400000004548,7000.0,n10000k0.70i3,False,0.03
10000,0.7,dijkstra,0.0027058000000010907,7000.0,n10000k0.70i4,False,0.02
10000,0.7,dijkstra,0.0025310800000042377,7000.0,n10000k0.70i4,False,0.02
10000,0.7,dijkstra,0.002495159999995167,7000.0,n10000k0.70i4,False,0.02
10000,0.7,dijkstra,0.002582480000000942,7000.0,n10000k0.70i4,False,0.02
10000,0.7,dijkstra,0.0025400000000033174,7000.0,n10000k0.70i4,False,0.02
10000,0.7,sssp_duan_et_al,0.001376679999999908,7000.0,n10000k0.70i4,False,0.02
10000,0.7,sssp_duan_et_al,0.00129299999999688,7000.0,n10000k0.70i4,False,0.02
10000,0.7,sssp_duan_et_al,0.0012695600000043328,7000.0,n10000k0.70i4,False,0.02
10000,0.7,sssp_duan_et_al,0.0013079200000021274,7000.0,n10000k0.70i4,False,0.02
10000,0.7,sssp_duan_et_al,0.0012773199999998042,7000.0,n10000k0.70i4,False,0.02
10000,0.7,sssp_duan_et_al_iter,0.0013211599999962687,7000.0,n10000k0.70i4,False,0.02
10000,0.7,sssp_duan_et_al_iter,0.0012777199999973732,7000.0,n10000k0.70i4,False,0.02
10000,0.7,sssp_duan_et_al_iter,0.0013204799999968486,7000.0,n10000k0.70i4,False,0.02
10000,0.7,sssp_duan_et_al_iter,0.0012902800000063053,7000.0,n10000k0.70i4,False,0.02
10000,0.7,sssp_duan_et_al_iter,0.0013000800000000368,7000.0,n10000k0.70i4,False,0.02
10000,0.5,dijkstra,0.002045879999997169,5000.0,n10000k0.50i0,False,0.01
10000,0.5,dijkstra,0.0018490400000032992,5000.0,n10000k0.50i0,False,0.01
10000,0.5,dijkstra,0.001844680000004928,5000.0,n10000k0.50i0,False,0.01
10000,0.5,dijkstra,0.0018151200000033896,5000.0,n10000k0.50i0,False,0.01
10000,0.5,dijkstra,0.0018017599999993195,5000.0,n10000k0.50i0,False,0.01
10000,0.5,sssp_duan_et_al,0.0010264399999968532,5000.0,n10000k0.50i0,False,0.01
10000,0.5,sssp_duan_et_al,0.0009756400000000554,5000.0,n10000k0.50i0,False,0.01
10000,0.5,sssp_duan_et_al,0.0009544000000047959,5000.0,n10000k0.50i0,False,0.01
10000,0.5,sssp_duan_et_al,0.0009519599999947559,5000.0,n10000k0.50i0,False,0.01
10000,0.5,sssp_duan_et_al,0.0009582799999989788,5000.0,n10000k0.50i0,False,0.01
10000,0.5,sssp_duan_et_al_iter,0.0009588400000026809,5000.0,n10000k0.50i0,False,0.01
10000,0.5,sssp_duan_et_al_iter,0.0009852000000023509,5000.0,n10000k0.50i0,False,0.01
10000,0.5,sssp_duan_et_al_iter,0.0009707199999979821,5000.0,n10000k0.50i0,False,0.01
10000,0.5,sssp_duan_et_al_iter,0.0009557999999998401,5000.0,n10000k0.50i0,False,0.01
10000,0.5,sssp_duan_et_al_iter,0.0009896800000035455,5000.0,n10000k0.50i0,False,0.01
10000,0.5,dijkstra,0.0018841199999997116,5000.0,n10000k0.50i1,False,0.02
10000,0.5,dijkstra,0.0018281199999989894,5000.0,n10000k0.50i1,False,0.02
10000,0.5,dijkstra,0.0018337200000004827,5000.0,n10000k0.50i1,False,0.02
10000,0.5,dijkstra,0.0017964399999996772,5000.0,n10000k0.50i1,False,0.02
10000,0.5,dijkstra,0.0018020400000011705,5000.0,n10000k0.50i1,False,0.02
10000,0.5,sssp_duan_et_al,0.0010636000000019408,5000.0,n10000k0.50i1,False,0.02
10000,0.5,sssp_duan_et_al,0.0009634399999995935,5000.0,n10000k0.50i1,False,0.02
10000,0.5,sssp_duan_et_al,0.0009998399999986418,5000.0,n10000k0.50i1,False,0.02
10000,0.5,sssp_duan_et_al,0.0009628000000034831,5000.0,n10000k0.50i1,False,0.02
10000,0.5,sssp_duan_et_al,0.0009927199999992808,5000.0,n10000k0.50i1,False,0.02
10000,0.5,sssp_duan_et_al_iter,0.001002159999998753,5000.0,n10000k0.50i1,False,0.02
10000,0.5,sssp_duan_et_al_iter,0.000983480000002146,5000.0,n10000k0.50i1,False,0.02
10000,0.5,sssp_duan_et_al_iter,0.0010145200000053478,5000.0,n10000k0.50i1,False,0.02
10000,0.5,sssp_duan_et_al_iter,0.0009994800000043824,5000.0,n10000k0.50i1,False,0.02
10000,0.5,sssp_duan_et_al_iter,0.0009834400000059418,5000.0,n10000k0.50i1,False,0.02
10000,0.5,dijkstra,0.0019598000000016214,5000.0,n10000k0.50i2,False,0.02
10000,0.5,dijkstra,0.0018001599999948326,5000.0,n10000k0.50i2,False,0.02
10000,0.5,dijkstra,0.001839839999995263,5000.0,n10000k0.50i2,False,0.02
10000,0.5,dijkstra,0.0018017599999993195,5000.0,n10000k0.50i2,False,0.02
10000,0.5,dijkstra,0.0017789600000028827,5000.0,n10000k0.50i2,False,0.02
10000,0.5,sssp_duan_et_al,0.0010601999999977352,5000.0,n10000k0.50i2,False,0.02
10000,0.5,sssp_duan_et_al,0.0009886799999989648,5000.0,n10000k0.50i2,False,0.02
10000,0.5,sssp_duan_et_al,0.0009603600000005486,5000.0,n10000k0.50i2,False,0.02
10000,0.5,sssp_duan_et_al,0.0009458399999999756,5000.0,n10000k0.50i2,False,0.02
10000,0.5,sssp_duan_et_al,0.0009562799999969229,5000.0,n10000k0.50i2,False,0.02
10000,0.5,sssp_duan_et_al_iter,0.0009755199999972319,5000.0,n10000k0.50i2,False,0.02
10000,0.5,sssp_duan_et_al_iter,0.0010049600000030523,5000.0,n10000k0.50i2,False,0.02
10000,0.5,sssp_duan_et_al_iter,0.0009889600000008159,5000.0,n10000k0.50i2,False,0.02
10000,0.5,sssp_duan_et_al_iter,0.0009873999999996386,5000.0,n10000k0.50i2,False,0.02
10000,0.5,sssp_duan_et_al_iter,0.0009707600000012917,5000.0,n10000k0.50i2,False,0.02
10000,0.5,dijkstra,0.002102080000000228,5000.0,n10000k0.50i3,False,0.02
10000,0.5,dijkstra,0.0020141600000016524,5000.0,n10000k0.50i3,False,0.02
10000,0.5,dijkstra,0.0019273600000033753,5000.0,n10000k0.50i3,False,0.02
10000,0.5,dijkstra,0.001857439999994881,5000.0,n10000k0.50i3,False,0.02
10000,0.5,dijkstra,0.0018716399999973987,5000.0,n10000k0.50i3,False,0.02
10000,0.5,sssp_duan_et_al,0.0011073200000026873,5000.0,n10000k0.50i3,False,0.02
10000,0.5,sssp_duan_et_al,0.001047399999997367,5000.0,n10000k0.50i3,False,0.02
10000,0.5,sssp_duan_et_al,0.0010220800000055874,5000.0,n10000k0.50i3,False,0.02
10000,0.5,sssp_duan_et_al,0.0010007999999999129,5000.0,n10000k0.50i3,False,0.02
10000,0.5,sssp_duan_et_al,0.001027879999995207,5000.0,n10000k0.50i3,False,0.02
10000,0.5,sssp_duan_et_al_iter,0.0010159600000037017,5000.0,n10000k0.50i3,False,0.02
10000,0.5,sssp_duan_et_al_iter,0.0010087200000015173,5000.0,n10000k0.50i3,False,0.02
10000,0.5,sssp_duan_et_al_iter,0.0010053599999935159,5000.0,n10000k0.50i3,False,0.02
10000,0.5,sssp_duan_et_al_iter,0.0010000000000047748,5000.0,n10000k0.50i3,False,0.02
10000,0.5,sssp_duan_et_al_iter,0.0010209999999943875,5000.0,n10000k0.50i3,False,0.02
10000,0.5,dijkstra,0.001979480000002809,5000.0,n10000k0.50i4,False,0.06
10000,0.5,dijkstra,0.001936000000000604,5000.0,n10000k0.50i4,False,0.06
10000,0.5,dijkstra,0.0018622400000012362,5000.0,n10000k0.50i4,False,0.06
10000,0.5,dijkstra,0.001869440000000111,5000.0,n10000k0.50i4,False,0.06
10000,0.5,dijkstra,0.0018814000000020314,5000.0,n10000k0.50i4,False,0.06
10000,0.5,sssp_duan_et_al,0.0011492000000004055,5000.0,n10000k0.50i4,False,0.06
10000,0.5,sssp_duan_et_al,0.0012127600000013672,5000.0,n10000k0.50i4,False,0.06
10000,0.5,sssp_duan_et_al,0.0010915599999989922,5000.0,n10000k0.50i4,False,0.06
10000,0.5,sssp_duan_et_al,0.001068920000001583,5000.0,n10000k0.50i4,False,0.06
10000,0.5,sssp_duan_et_al,0.001079960000005542,5000.0,n10000k0.50i4,False,0.06
10000,0.5,sssp_duan_et_al_iter,0.001077879999996867,5000.0,n10000k0.50i4,False,0.06
10000,0.5,sssp_duan_et_al_iter,0.0010636800000014546,5000.0,n10000k0.50i4,False,0.06
10000,0.5,sssp_duan_et_al_iter,0.0010816399999953319,5000.0,n10000k0.50i4,False,0.06
10000,0.5,sssp_duan_et_al_iter,0.00107011999999429,5000.0,n10000k0.50i4,False,0.06
10000,0.5,sssp_duan_et_al_iter,0.0010911600000014232,5000.0,n10000k0.50i4,False,0.06
50000,5,dijkstra,0.3708118800000051,250000,n50000k5.00i0,False,99.3
50000,5,dijkstra,0.40823080000000544,250000,n50000k5.00i0,False,99.3
50000,5,dijkstra,0.4132001999999986,250000,n50000k5.00i0,False,99.3
50000,5,dijkstra,0.39151023999999524,250000,n50000k5.00i0,False,99.3
50000,5,dijkstra,0.4057002800000049,250000,n50000k5.00i0,False,99.3
50000,5,sssp_duan_et_al,14.416594560000007,250000,n50000k5.00i0,False,99.3
50000,5,sssp_duan_et_al,14.548008719999999,250000,n50000k5.00i0,False,99.3
50000,5,sssp_duan_et_al,14.488876840000003,250000,n50000k5.00i0,False,99.3
50000,5,sssp_duan_et_al,14.493800800000002,250000,n50000k5.00i0,False,99.3
50000,5,sssp_duan_et_al,14.753849639999999,250000,n50000k5.00i0,False,99.3
50000,5,sssp_duan_et_al_iter,14.756154879999997,250000,n50000k5.00i0,False,99.3
50000,5,sssp_duan_et_al_iter,14.631669560000006,250000,n50000k5.00i0,False,99.3
50000,5,sssp_duan_et_al_iter,14.833200879999993,250000,n50000k5.00i0,False,99.3
50000,5,sssp_duan_et_al_iter,14.587795319999998,250000,n50000k5.00i0,False,99.3
50000,5,sssp_duan_et_al_iter,14.699977000000018,250000,n50000k5.00i0,False,99.3
50000,5,dijkstra,0.42874944000001847,250000,n50000k5.00i1,False,99.318
50000,5,dijkstra,0.4289427999999873,250000,n50000k5.00i1,False,99.318
50000,5,dijkstra,0.43050947999998357,250000,n50000k5.00i1,False,99.318
50000,5,dijkstra,0.40416519999999423,250000,n50000k5.00i1,False,99.318
50000,5,dijkstra,0.40134548000000336,250000,n50000k5.00i1,False,99.318
50000,5,sssp_duan_et_al,14.918419040000003,250000,n50000k5.00i1,False,99.318
50000,5,sssp_duan_et_al,14.837490639999999,250000,n50000k5.00i1,False,99.318
50000,5,sssp_duan_et_al,14.877238239999997,250000,n50000k5.00i1,False,99.318
50000,5,sssp_duan_et_al,15.10270104,250000,n50000k5.00i1,False,99.318
50000,5,sssp_duan_et_al,15.016157480000004,250000,n50000k5.00i1,False,99.318
50000,5,sssp_duan_et_al_iter,14.881987400000014,250000,n50000k5.00i1,False,99.318
50000,5,sssp_duan_et_al_iter,15.161487080000029,250000,n50000k5.00i1,False,99.318
50000,5,sssp_duan_et_al_iter,14.969209639999974,250000,n50000k5.00i1,False,99.318
50000,5,sssp_duan_et_al_iter,15.06028015999999,250000,n50000k5.00i1,False,99.318
50000,5,sssp_duan_et_al_iter,14.853553920000024,250000,n50000k5.00i1,False,99.318
50000,5,dijkstra,0.4204125200000135,250000,n50000k5.00i2,False,99.388
50000,5,dijkstra,0.4200963600000023,250000,n50000k5.00i2,False,99.388
50000,5,dijkstra,0.4311306399999921,250000,n50000k5.00i2,False,99.388
50000,5,dijkstra,0.43969831999999087,250000,n50000k5.00i2,False,99.388
50000,5,dijkstra,0.4586569599999848,250000,n50000k5.00i2,False,99.388
50000,5,sssp_duan_et_al,15.065227719999996,250000,n50000k5.00i2,False,99.388
50000,5,sssp_duan_et_al,15.033880880000027,250000,n50000k5.00i2,False,99.388
50000,5,sssp_duan_et_al,14.740999520000003,250000,n50000k5.00i2,False,99.388
50000,5,sssp_duan_et_al,14.930346759999964,250000,n50000k5.00i2,False,99.388
50000,5,sssp_duan_et_al,14.96503131999998,250000,n50000k5.00i2,False,99.388
50000,5,sssp_duan_et_al_iter,15.153604359999974,250000,n50000k5.00i2,False,99.388
50000,5,sssp_duan_et_al_iter,14.950179160000005,250000,n50000k5.00i2,False,99.388
50000,5,sssp_duan_et_al_iter,14.926856760000021,250000,n50000k5.00i2,False,99.388
50000,5,sssp_duan_et_al_iter,14.933852559999991,250000,n50000k5.00i2,False,99.388
50000,5,sssp_duan_et_al_iter,15.159647999999947,250000,n50000k5.00i2,False,99.388
50000,5,dijkstra,0.44205920000001697,250000,n50000k5.00i3,False,99.28399999999999
50000,5,dijkstra,0.4544601600000533,250000,n50000k5.00i3,False,99.28399999999999
50000,5,dijkstra,0.4399004800000057,250000,n50000k5.00i3,False,99.28399999999999
50000,5,dijkstra,0.4162271200000305,250000,n50000k5.00i3,False,99.28399999999999
50000,5,dijkstra,0.4072092400000429,250000,n50000k5.00i3,False,99.28399999999999
50000,5,sssp_duan_et_al,14.070371560000012,250000,n50000k5.00i3,False,99.28399999999999
50000,5,sssp_duan_et_al,13.862935759999914,250000,n50000k5.00i3,False,99.28399999999999
50000,5,sssp_duan_et_al,13.921245200000044,250000,n50000k5.00i3,False,99.28399999999999
50000,5,sssp_duan_et_al,13.831525120000038,250000,n50000k5.00i3,False,99.28399999999999
50000,5,sssp_duan_et_al,14.025958440000068,250000,n50000k5.00i3,False,99.28399999999999
50000,5,sssp_duan_et_al_iter,14.18883403999996,250000,n50000k5.00i3,False,99.28399999999999
50000,5,sssp_duan_et_al_iter,13.935091159999956,250000,n50000k5.00i3,False,99.28399999999999
50000,5,sssp_duan_et_al_iter,14.072227359999943,250000,n50000k5.00i3,False,99.28399999999999
50000,5,sssp_duan_et_al_iter,14.277274159999934,250000,n50000k5.00i3,False,99.28399999999999
50000,5,sssp_duan_et_al_iter,13.998498799999993,250000,n50000k5.00i3,False,99.28399999999999
50000,5,dijkstra,0.46895028000005823,250000,n50000k5.00i4,False,99.358
50000,5,dijkstra,0.4718828400000348,250000,n50000k5.00i4,False,99.358
50000,5,dijkstra,0.45860887999992883,250000,n50000k5.00i4,False,99.358
50000,5,dijkstra,0.44493739999995796,250000,n50000k5.00i4,False,99.358
50000,5,dijkstra,0.4617000000000644,250000,n50000k5.00i4,False,99.358
50000,5,sssp_duan_et_al,14.72542532,250000,n50000k5.00i4,False,99.358
50000,5,sssp_duan_et_al,14.696008799999959,250000,n50000k5.00i4,False,99.358
50000,5,sssp_duan_et_al,14.669293240000002,250000,n50000k5.00i4,False,99.358
50000,5,sssp_duan_et_al,14.581959159999997,250000,n50000k5.00i4,False,99.358
50000,5,sssp_duan_et_al,14.663989800000081,250000,n50000k5.00i4,False,99.358
50000,5,sssp_duan_et_al_iter,14.84466248000001,250000,n50000k5.00i4,False,99.358
50000,5,sssp_duan_et_al_iter,14.74749171999997,250000,n50000k5.00i4,False,99.358
50000,5,sssp_duan_et_al_iter,14.703115400000002,250000,n50000k5.00i4,False,99.358
50000,5,sssp_duan_et_al_iter,14.808222920000048,250000,n50000k5.00i4,False,99.358
50000,5,sssp_duan_et_al_iter,14.78002368,250000,n50000k5.00i4,False,99.358
50000,3,dijkstra,0.3235191599999325,150000,n50000k3.00i0,False,94.056
50000,3,dijkstra,0.3230172800000446,150000,n50000k3.00i0,False,94.056
50000,3,dijkstra,0.3140541599999551,150000,n50000k3.00i0,False,94.056
50000,3,dijkstra,0.32724568000003273,150000,n50000k3.00i0,False,94.056
50000,3,dijkstra,0.3247953200000211,150000,n50000k3.00i0,False,94.056
50000,3,sssp_duan_et_al,7.540105480000079,150000,n50000k3.00i0,False,94.056
50000,3,sssp_duan_et_al,7.265304239999978,150000,n50000k3.00i0,False,94.056
50000,3,sssp_duan_et_al,7.425902680000036,150000,n50000k3.00i0,False,94.056
50000,3,sssp_duan_et_al,7.297976600000084,150000,n50000k3.00i0,False,94.056
50000,3,sssp_duan_et_al,7.49605059999999,150000,n50000k3.00i0,False,94.056
50000,3,sssp_duan_et_al_iter,7.435711199999901,150000,n50000k3.00i0,False,94.056
50000,3,sssp_duan_et_al_iter,7.463268119999952,150000,n50000k3.00i0,False,94.056
50000,3,sssp_duan_et_al_iter,7.388815199999954,150000,n50000k3.00i0,False,94.056
50000,3,sssp_duan_et_al_iter,7.5118225600000414,150000,n50000k3.00i0,False,94.056
50000,3,sssp_duan_et_al_iter,7.402533759999983,150000,n50000k3.00i0,False,94.056
50000,3,dijkstra,0.29864815999997063,150000,n50000k3.00i1,False,93.984
50000,3,dijkstra,0.2941037199999528,150000,n50000k3.00i1,False,93.984
50000,3,dijkstra,0.31271103999995375,150000,n50000k3.00i1,False,93.984
50000,3,dijkstra,0.3012159200000042,150000,n50000k3.00i1,False,93.984
50000,3,dijkstra,0.3068095999999514,150000,n50000k3.00i1,False,93.984
50000,3,sssp_duan_et_al,7.352750399999991,150000,n50000k3.00i1,False,93.984
50000,3,sssp_duan_et_al,7.293370119999963,150000,n50000k3.00i1,False,93.984
50000,3,sssp_duan_et_al,7.166365000000042,150000,n50000k3.00i1,False,93.984
50000,3,sssp_duan_et_al,7.278612520000024,150000,n50000k3.00i1,False,93.984
50000,3,sssp_duan_et_al,7.265905919999909,150000,n50000k3.00i1,False,93.984
50000,3,sssp_duan_et_al_iter,7.332432639999979,150000,n50000k3.00i1,False,93.984
50000,3,sssp_duan_et_al_iter,7.274820480000017,150000,n50000k3.00i1,False,93.984
50000,3,sssp_duan_et_al_iter,7.275348079999958,150000,n50000k3.00i1,False,93.984
50000,3,sssp_duan_et_al_iter,7.345355920000088,150000,n50000k3.00i1,False,93.984
50000,3,sssp_duan_et_al_iter,7.345413679999979,150000,n50000k3.00i1,False,93.984
50000,3,dijkstra,0.31783919999998034,150000,n50000k3.00i2,False,93.856
50000,3,dijkstra,0.3205601999999317,150000,n50000k3.00i2,False,93.856
50000,3,dijkstra,0.3251764000000321,150000,n50000k3.00i2,False,93.856
50000,3,dijkstra,0.31801616000007016,150000,n50000k3.00i2,False,93.856
50000,3,dijkstra,0.32698064000010163,150000,n50000k3.00i2,False,93.856
50000,3,sssp_duan_et_al,7.708437040000035,150000,n50000k3.00i2,False,93.856
50000,3,sssp_duan_et_al,7.536310759999992,150000,n50000k3.00i2,False,93.856
50000,3,sssp_duan_et_al,7.473246999999901,150000,n50000k3.00i2,False,93.856
50000,3,sssp_duan_et_al,7.5299995999999965,150000,n50000k3.00i2,False,93.856
50000,3,sssp_duan_et_al,7.4152732000000015,150000,n50000k3.00i2,False,93.856
50000,3,sssp_duan_et_al_iter,7.418220480000059,150000,n50000k3.00i2,False,93.856
50000,3,sssp_duan_et_al_iter,7.521563839999999,150000,n50000k3.00i2,False,93.856
50000,3,sssp_duan_et_al_iter,7.543060279999963,150000,n50000k3.00i2,False,93.856
50000,3,sssp_duan_et_al_iter,7.5840811999999005,150000,n50000k3.00i2,False,93.856
50000,3,sssp_duan_et_al_iter,7.654505480000125,150000,n50000k3.00i2,False,93.856
50000,3,dijkstra,0.32176939999999377,150000,n50000k3.00i3,False,94.272
50000,3,dijkstra,0.3357837200001086,150000,n50000k3.00i3,False,94.272
50000,3,dijkstra,0.3174221199999465,150000,n50000k3.00i3,False,94.272
50000,3,dijkstra,0.32273800000007213,150000,n50000k3.00i3,False,94.272
50000,3,dijkstra,0.3192756799999188,150000,n50000k3.00i3,False,94.272
50000,3,sssp_duan_et_al,8.402046359999986,150000,n50000k3.00i3,False,94.272
50000,3,sssp_duan_et_al,8.375655479999978,150000,n50000k3.00i3,False,94.272
50000,3,sssp_duan_et_al,8.266146960000015,150000,n50000k3.00i3,False,94.272
50000,3,sssp_duan_et_al,8.27613367999993,150000,n50000k3.00i3,False,94.272
50000,3,sssp_duan_et_al,8.291334920000054,150000,n50000k3.00i3,False,94.272
50000,3,sssp_duan_et_al_iter,8.470023000000083,150000,n50000k3.00i3,False,94.272
50000,3,sssp_duan_et_al_iter,8.338816479999878,150000,n50000k3.00i3,False,94.272
50000,3,sssp_duan_et_al_iter,8.359414720000132,150000,n50000k3.00i3,False,94.272
50000,3,sssp_duan_et_al_iter,8.250756200000069,150000,n50000k3.00i3,False,94.272
50000,3,sssp_duan_et_al_iter,8.40561944000001,150000,n50000k3.00i3,False,94.272
50000,3,dijkstra,0.3153360399999201,150000,n50000k3.00i4,False,93.902
50000,3,dijkstra,0.3089144400000805,150000,n50000k3.00i4,False,93.902
50000,3,dijkstra,0.3178413600001022,150000,n50000k3.00i4,False,93.902
50000,3,dijkstra,0.3287834800000837,150000,n50000k3.00i4,False,93.902
50000,3,dijkstra,0.3103030000002036,150000,n50000k3.00i4,False,93.902
50000,3,sssp_duan_et_al,7.973156159999917,150000,n50000k3.00i4,False,93.902
50000,3,sssp_duan_et_al,7.9209985199997845,150000,n50000k3.00i4,False,93.902
50000,3,sssp_duan_et_al,7.923057479999898,150000,n50000k3.00i4,False,93.902
50000,3,sssp_duan_et_al,7.855197119999957,150000,n50000k3.00i4,False,93.902
50000,3,sssp_duan_et_al,7.80935543999999,150000,n50000k3.00i4,False,93.902
50000,3,sssp_duan_et_al_iter,7.978527160000112,150000,n50000k3.00i4,False,93.902
50000,3,sssp_duan_et_al_iter,7.880391600000166,150000,n50000k3.00i4,False,93.902
50000,3,sssp_duan_et_al_iter,7.917068999999856,150000,n50000k3.00i4,False,93.902
50000,3,sssp_duan_et_al_iter,7.999487399999907,150000,n50000k3.00i4,False,93.902
50000,3,sssp_duan_et_al_iter,7.924473439999929,150000,n50000k3.00i4,False,93.902
50000,1,dijkstra,0.03432180000004337,50000,n50000k1.00i0,False,0.004
50000,1,dijkstra,0.029437919999963924,50000,n50000k1.00i0,False,0.004
50000,1,dijkstra,0.02898359999994682,50000,n50000k1.00i0,False,0.004
50000,1,dijkstra,0.029874959999915518,50000,n50000k1.00i0,False,0.004
50000,1,dijkstra,0.029063279999945735,50000,n50000k1.00i0,False,0.004
50000,1,sssp_duan_et_al,0.009926080000013826,50000,n50000k1.00i0,False,0.004
50000,1,sssp_duan_et_al,0.00933127999996941,50000,n50000k1.00i0,False,0.004
50000,1,sssp_duan_et_al,0.009347560000151134,50000,n50000k1.00i0,False,0.004
50000,1,sssp_duan_et_al,0.009779279999975188,50000,n50000k1.00i0,False,0.004
50000,1,sssp_duan_et_al,0.009413320000021486,50000,n50000k1.00i0,False,0.004
50000,1,sssp_duan_et_al_iter,0.009841680000135966,50000,n50000k1.00i0,False,0.004
50000,1,sssp_duan_et_al_iter,0.00963836000005358,50000,n50000k1.00i0,False,0.004
50000,1,sssp_duan_et_al_iter,0.009699400000044989,50000,n50000k1.00i0,False,0.004
50000,1,sssp_duan_et_al_iter,0.0092805199999475,50000,n50000k1.00i0,False,0.004
50000,1,sssp_duan_et_al_iter,0.009062880000101359,50000,n50000k1.00i0,False,0.004
50000,1,dijkstra,0.03082851999988634,50000,n50000k1.00i1,False,0.002
50000,1,dijkstra,0.0270958400001291,50000,n50000k1.00i1,False,0.002
50000,1,dijkstra,0.026219679999940126,50000,n50000k1.00i1,False,0.002
50000,1,dijkstra,0.02728320000005624,50000,n50000k1.00i1,False,0.002
50000,1,dijkstra,0.02687559999981204,50000,n50000k1.00i1,False,0.002
50000,1,sssp_duan_et_al,0.010178960000075676,50000,n50000k1.00i1,False,0.002
50000,1,sssp_duan_et_al,0.009361160000025848,50000,n50000k1.00i1,False,0.002
50000,1,sssp_duan_et_al,0.009127800000214847,50000,n50000k1.00i1,False,0.002
50000,1,sssp_duan_et_al,0.008092479999959323,50000,n50000k1.00i1,False,0.002
50000,1,sssp_duan_et_al,0.007679080000116301,50000,n50000k1.00i1,False,0.002
50000,1,sssp_duan_et_al_iter,0.007443599999987782,50000,n50000k1.00i1,False,0.002
50000,1,sssp_duan_et_al_iter,0.0075912800000423886,50000,n50000k1.00i1,False,0.002
50000,1,sssp_duan_et_al_iter,0.00800788000015018,50000,n50000k1.00i1,False,0.002
50000,1,sssp_duan_et_al_iter,0.007847880000099394,50000,n50000k1.00i1,False,0.002
50000,1,sssp_duan_et_al_iter,0.007975759999908405,50000,n50000k1.00i1,False,0.002
50000,1,dijkstra,0.02864440000007562,50000,n50000k1.00i2,False,0.024
50000,1,dijkstra,0.02636136000000988,50000,n50000k1.00i2,False,0.024
50000,1,dijkstra,0.026071239999964746,50000,n50000k1.00i2,False,0.024
50000,1,dijkstra,0.026048479999872143,50000,n50000k1.00i2,False,0.024
50000,1,dijkstra,0.02677340000013828,50000,n50000k1.00i2,False,0.024
50000,1,sssp_duan_et_al,0.008559919999925114,50000,n50000k1.00i2,False,0.024
50000,1,sssp_duan_et_al,0.008232679999991888,50000,n50000k1.00i2,False,0.024
50000,1,sssp_duan_et_al,0.008821800000077928,50000,n50000k1.00i2,False,0.024
50000,1,sssp_duan_et_al,0.008671439999943686,50000,n50000k1.00i2,False,0.024
50000,1,sssp_duan_et_al,0.008531239999911122,50000,n50000k1.00i2,False,0.024
50000,1,sssp_duan_et_al_iter,0.008503840000003038,50000,n50000k1.00i2,False,0.024
50000,1,sssp_duan_et_al_iter,0.008453039999949397,50000,n50000k1.00i2,False,0.024
50000,1,sssp_duan_et_al_iter,0.008512119999977585,50000,n50000k1.00i2,False,0.024
50000,1,sssp_duan_et_al_iter,0.008337480000136566,50000,n50000k1.00i2,False,0.024
50000,1,sssp_duan_et_al_iter,0.00853636000010738,50000,n50000k1.00i2,False,0.024
50000,1,dijkstra,0.030524360000072193,50000,n50000k1.00i3,False,0.002
50000,1,dijkstra,0.026047360000120534,50000,n50000k1.00i3,False,0.002
50000,1,dijkstra,0.02543444000002637,50000,n50000k1.00i3,False,0.002
50000,1,dijkstra,0.025626439999996364,50000,n50000k1.00i3,False,0.002
50000,1,dijkstra,0.02660011999978451,50000,n50000k1.00i3,False,0.002
50000,1,sssp_duan_et_al,0.007657920000156082,50000,n50000k1.00i3,False,0.002
50000,1,sssp_duan_et_al,0.00810060000003432,50000,n50000k1.00i3,False,0.002
50000,1,sssp_duan_et_al,0.007802319999882457,50000,n50000k1.00i3,False,0.002
50000,1,sssp_duan_et_al,0.007552400000122361,50000,n50000k1.00i3,False,0.002
50000,1,sssp_duan_et_al,0.007672519999914584,50000,n50000k1.00i3,False,0.002
50000,1,sssp_duan_et_al_iter,0.007309360000135712,50000,n50000k1.00i3,False,0.002
50000,1,sssp_duan_et_al_iter,0.007947960000137755,50000,n50000k1.00i3,False,0.002
50000,1,sssp_duan_et_al_iter,0.008088080000106856,50000,n50000k1.00i3,False,0.002
50000,1,sssp_duan_et_al_iter,0.008082079999894631,50000,n50000k1.00i3,False,0.002
50000,1,sssp_duan_et_al_iter,0.008185919999959879,50000,n50000k1.00i3,False,0.002
50000,1,dijkstra,0.031747680000080436,50000,n50000k1.00i4,False,0.002
50000,1,dijkstra,0.030185759999994843,50000,n50000k1.00i4,False,0.002
50000,1,dijkstra,0.02808299999992414,50000,n50000k1.00i4,False,0.002
50000,1,dijkstra,0.030067000000144617,50000,n50000k1.00i4,False,0.002
50000,1,dijkstra,0.028759080000099857,50000,n50000k1.00i4,False,0.002
50000,1,sssp_duan_et_al,0.009385959999917759,50000,n50000k1.00i4,False,0.002
50000,1,sssp_duan_et_al,0.008390879999979006,50000,n50000k1.00i4,False,0.002
50000,1,sssp_duan_et_al,0.008502200000066296,50000,n50000k1.00i4,False,0.002
50000,1,sssp_duan_et_al,0.00829968000016379,50000,n50000k1.00i4,False,0.002
50000,1,sssp_duan_et_al,0.008577479999985371,50000,n50000k1.00i4,False,0.002
50000,1,sssp_duan_et_al_iter,0.008984800000007453,50000,n50000k1.00i4,False,0.002
50000,1,sssp_duan_et_al_iter,0.008826040000030844,50000,n50000k1.00i4,False,0.002
50000,1,sssp_duan_et_al_iter,0.008730320000040592,50000,n50000k1.00i4,False,0.002
50000,1,sssp_duan_et_al_iter,0.008927159999984724,50000,n50000k1.00i4,False,0.002
50000,1,sssp_duan_et_al_iter,0.008630999999923006,50000,n50000k1.00i4,False,0.002
50000,0.8,dijkstra,0.024741080000012516,40000.0,n50000k0.80i0,False,0.002
50000,0.8,dijkstra,0.026165999999875567,40000.0,n50000k0.80i0,False,0.002
50000,0.8,dijkstra,0.024683880000111458,40000.0,n50000k0.80i0,False,0.002
50000,0.8,dijkstra,0.023219440000048053,40000.0,n50000k0.80i0,False,0.002
50000,0.8,dijkstra,0.02248575999988134,40000.0,n50000k0.80i0,False,0.002
50000,0.8,sssp_duan_et_al,0.008420840000098906,40000.0,n50000k0.80i0,False,0.002
50000,0.8,sssp_duan_et_al,0.008034360000010565,40000.0,n50000k0.80i0,False,0.002
50000,0.8,sssp_duan_et_al,0.00752239999997073,40000.0,n50000k0.80i0,False,0.002
50000,0.8,sssp_duan_et_al,0.011276279999947292,40000.0,n50000k0.80i0,False,0.002
50000,0.8,sssp_duan_et_al,0.007914960000107385,40000.0,n50000k0.80i0,False,0.002
50000,0.8,sssp_duan_et_al_iter,0.007780319999938001,40000.0,n50000k0.80i0,False,0.002
50000,0.8,sssp_duan_et_al_iter,0.007961880000038946,40000.0,n50000k0.80i0,False,0.002
50000,0.8,sssp_duan_et_al_iter,0.008048440000038681,40000.0,n50000k0.80i0,False,0.002
50000,0.8,sssp_duan_et_al_iter,0.007996960000127729,40000.0,n50000k0.80i0,False,0.002
50000,0.8,sssp_duan_et_al_iter,0.008070319999887943,40000.0,n50000k0.80i0,False,0.002
50000,0.8,dijkstra,0.025538040000128603,40000.0,n50000k0.80i1,False,0.018000000000000002
50000,0.8,dijkstra,0.02410043999998379,40000.0,n50000k0.80i1,False,0.018000000000000002
50000,0.8,dijkstra,0.024493119999988266,40000.0,n50000k0.80i1,False,0.018000000000000002
50000,0.8,dijkstra,0.024346480000076554,40000.0,n50000k0.80i1,False,0.018000000000000002
50000,0.8,dijkstra,0.022968600000012884,40000.0,n50000k0.80i1,False,0.018000000000000002
50000,0.8,sssp_duan_et_al,0.008134079999990718,40000.0,n50000k0.80i1,False,0.018000000000000002
50000,0.8,sssp_duan_et_al,0.007606080000186921,40000.0,n50000k0.80i1,False,0.018000000000000002
50000,0.8,sssp_duan_et_al,0.00777191999986826,40000.0,n50000k0.80i1,False,0.018000000000000002
50000,0.8,sssp_duan_et_al,0.007897479999883217,40000.0,n50000k0.80i1,False,0.018000000000000002
50000,0.8,sssp_duan_et_al,0.007826400000112699,40000.0,n50000k0.80i1,False,0.018000000000000002
50000,0.8,sssp_duan_et_al_iter,0.007708520000051067,40000.0,n50000k0.80i1,False,0.018000000000000002
50000,0.8,sssp_duan_et_al_iter,0.007734640000080617,40000.0,n50000k0.80i1,False,0.018000000000000002
50000,0.8,sssp_duan_et_al_iter,0.007826439999917056,40000.0,n50000k0.80i1,False,0.018000000000000002
50000,0.8,sssp_duan_et_al_iter,0.007943359999899258,40000.0,n50000k0.80i1,False,0.018000000000000002
50000,0.8,sssp_duan_et_al_iter,0.007763199999999415,40000.0,n50000k0.80i1,False,0.018000000000000002
50000,0.8,dijkstra,0.025612040000169145,40000.0,n50000k0.80i2,False,0.004
50000,0.8,dijkstra,0.02347064000014143,40000.0,n50000k0.80i2,False,0.004
50000,0.8,dijkstra,0.023222880000048463,40000.0,n50000k0.80i2,False,0.004
50000,0.8,dijkstra,0.02460704000009173,40000.0,n50000k0.80i2,False,0.004
50000,0.8,dijkstra,0.025816959999929168,40000.0,n50000k0.80i2,False,0.004
50000,0.8,sssp_duan_et_al,0.009104040000011082,40000.0,n50000k0.80i2,False,0.004
50000,0.8,sssp_duan_et_al,0.008283160000019052,40000.0,n50000k0.80i2,False,0.004
50000,0.8,sssp_duan_et_al,0.008442759999979899,40000.0,n50000k0.80i2,False,0.004
50000,0.8,sssp_duan_et_al,0.00821111999994173,40000.0,n50000k0.80i2,False,0.004
50000,0.8,sssp_duan_et_al,0.008082599999852391,40000.0,n50000k0.80i2,False,0.004
50000,0.8,sssp_duan_et_al_iter,0.008203879999882702,40000.0,n50000k0.80i2,False,0.004
50000,0.8,sssp_duan_et_al_iter,0.008122319999984029,40000.0,n50000k0.80i2,False,0.004
50000,0.8,sssp_duan_et_al_iter,0.008036200000105964,40000.0,n50000k0.80i2,False,0.004
50000,0.8,sssp_duan_et_al_iter,0.007918400000107795,40000.0,n50000k0.80i2,False,0.004
50000,0.8,sssp_duan_et_al_iter,0.007475039999917499,40000.0,n50000k0.80i2,False,0.004
50000,0.8,dijkstra,0.025906999999961045,40000.0,n50000k0.80i3,False,0.002
50000,0.8,dijkstra,0.022382800000059433,40000.0,n50000k0.80i3,False,0.002
50000,0.8,dijkstra,0.022037680000039472,40000.0,n50000k0.80i3,False,0.002
50000,0.8,dijkstra,0.021677080000017668,40000.0,n50000k0.80i3,False,0.002
50000,0.8,dijkstra,0.02158755999994355,40000.0,n50000k0.80i3,False,0.002
50000,0.8,sssp_duan_et_al,0.007700880000129473,40000.0,n50000k0.80i3,False,0.002
50000,0.8,sssp_duan_et_al,0.007605000000012296,40000.0,n50000k0.80i3,False,0.002
50000,0.8,sssp_duan_et_al,0.0076263600001311715,40000.0,n50000k0.80i3,False,0.002
50000,0.8,sssp_duan_et_al,0.007633120000036797,40000.0,n50000k0.80i3,False,0.002
50000,0.8,sssp_duan_et_al,0.007567480000034266,40000.0,n50000k0.80i3,False,0.002
50000,0.8,sssp_duan_et_al_iter,0.0074707999999645835,40000.0,n50000k0.80i3,False,0.002
50000,0.8,sssp_duan_et_al_iter,0.00798395999981949,40000.0,n50000k0.80i3,False,0.002
50000,0.8,sssp_duan_et_al_iter,0.007747039999912886,40000.0,n50000k0.80i3,False,0.002
50000,0.8,sssp_duan_et_al_iter,0.007757480000009309,40000.0,n50000k0.80i3,False,0.002
50000,0.8,sssp_duan_et_al_iter,0.0075240399999074725,40000.0,n50000k0.80i3,False,0.002
50000,0.8,dijkstra,0.025346519999857264,40000.0,n50000k0.80i4,False,0.008
50000,0.8,dijkstra,0.022391919999790844,40000.0,n50000k0.80i4,False,0.008
50000,0.8,dijkstra,0.0232401599998866,40000.0,n50000k0.80i4,False,0.008
50000,0.8,dijkstra,0.024396999999908076,40000.0,n50000k0.80i4,False,0.008
50000,0.8,dijkstra,0.0249537600000167,40000.0,n50000k0.80i4,False,0.008
50000,0.8,sssp_duan_et_al,0.008243880000009085,40000.0,n50000k0.80i4,False,0.008
50000,0.8,sssp_duan_et_al,0.00812047999988863,40000.0,n50000k0.80i4,False,0.008
50000,0.8,sssp_duan_et_al,0.007715039999993678,40000.0,n50000k0.80i4,False,0.008
50000,0.8,sssp_duan_et_al,0.008381760000020222,40000.0,n50000k0.80i4,False,0.008
50000,0.8,sssp_duan_et_al,0.008212319999984175,40000.0,n50000k0.80i4,False,0.008
50000,0.8,sssp_duan_et_al_iter,0.008566319999999905,40000.0,n50000k0.80i4,False,0.008
50000,0.8,sssp_duan_et_al_iter,0.008187720000023546,40000.0,n50000k0.80i4,False,0.008
50000,0.8,sssp_duan_et_al_iter,0.008429400000068199,40000.0,n50000k0.80i4,False,0.008
50000,0.8,sssp_duan_et_al_iter,0.008789120000074035,40000.0,n50000k0.80i4,False,0.008
50000,0.8,sssp_duan_et_al_iter,0.008864160000030097,40000.0,n50000k0.80i4,False,0.008
50000,0.7,dijkstra,0.025831160000052478,35000.0,n50000k0.70i0,False,0.002
50000,0.7,dijkstra,0.021735199999966426,35000.0,n50000k0.70i0,False,0.002
50000,0.7,dijkstra,0.02266283999983898,35000.0,n50000k0.70i0,False,0.002
50000,0.7,dijkstra,0.021413359999996828,35000.0,n50000k0.70i0,False,0.002
50000,0.7,dijkstra,0.02287664000004952,35000.0,n50000k0.70i0,False,0.002
50000,0.7,sssp_duan_et_al,0.007785920000060287,35000.0,n50000k0.70i0,False,0.002
50000,0.7,sssp_duan_et_al,0.007309199999781413,35000.0,n50000k0.70i0,False,0.002
50000,0.7,sssp_duan_et_al,0.006973759999937101,35000.0,n50000k0.70i0,False,0.002
50000,0.7,sssp_duan_et_al,0.007226520000131131,35000.0,n50000k0.70i0,False,0.002
50000,0.7,sssp_duan_et_al,0.007095959999787738,35000.0,n50000k0.70i0,False,0.002
50000,0.7,sssp_duan_et_al_iter,0.0068215999999665655,35000.0,n50000k0.70i0,False,0.002
50000,0.7,sssp_duan_et_al_iter,0.007154480000053809,35000.0,n50000k0.70i0,False,0.002
50000,0.7,sssp_duan_et_al_iter,0.0071977200000219455,35000.0,n50000k0.70i0,False,0.002
50000,0.7,sssp_duan_et_al_iter,0.00722052000014628,35000.0,n50000k0.70i0,False,0.002
50000,0.7,sssp_duan_et_al_iter,0.006814559999838821,35000.0,n50000k0.70i0,False,0.002
50000,0.7,dijkstra,0.0240980399998989,35000.0,n50000k0.70i1,False,0.002
50000,0.7,dijkstra,0.022854840000036347,35000.0,n50000k0.70i1,False,0.002
50000,0.7,dijkstra,0.02176252000003842,35000.0,n50000k0.70i1,False,0.002
50000,0.7,dijkstra,0.021860319999859712,35000.0,n50000k0.70i1,False,0.002
50000,0.7,dijkstra,0.021608720000131143,35000.0,n50000k0.70i1,False,0.002
50000,0.7,sssp_duan_et_al,0.008249119999845789,35000.0,n50000k0.70i1,False,0.002
50000,0.7,sssp_duan_et_al,0.007270439999956579,35000.0,n50000k0.70i1,False,0.002
50000,0.7,sssp_duan_et_al,0.007288600000038059,35000.0,n50000k0.70i1,False,0.002
50000,0.7,sssp_duan_et_al,0.0075554000000011,35000.0,n50000k0.70i1,False,0.002
50000,0.7,sssp_duan_et_al,0.007573439999987386,35000.0,n50000k0.70i1,False,0.002
50000,0.7,sssp_duan_et_al_iter,0.00754359999996268,35000.0,n50000k0.70i1,False,0.002
50000,0.7,sssp_duan_et_al_iter,0.007349840000188124,35000.0,n50000k0.70i1,False,0.002
50000,0.7,sssp_duan_et_al_iter,0.007360479999988456,35000.0,n50000k0.70i1,False,0.002
50000,0.7,sssp_duan_et_al_iter,0.007387559999870064,35000.0,n50000k0.70i1,False,0.002
50000,0.7,sssp_duan_et_al_iter,0.007244959999979983,35000.0,n50000k0.70i1,False,0.002
50000,0.7,dijkstra,0.025743959999999788,35000.0,n50000k0.70i2,False,0.013999999999999999
50000,0.7,dijkstra,0.023678479999944102,35000.0,n50000k0.70i2,False,0.013999999999999999
50000,0.7,dijkstra,0.02266060000010839,35000.0,n50000k0.70i2,False,0.013999999999999999
50000,0.7,dijkstra,0.023244160000103875,35000.0,n50000k0.70i2,False,0.013999999999999999
50000,0.7,dijkstra,0.023682559999997466,35000.0,n50000k0.70i2,False,0.013999999999999999
50000,0.7,sssp_duan_et_al,0.008103200000050492,35000.0,n50000k0.70i2,False,0.013999999999999999
50000,0.7,sssp_duan_et_al,0.007518359999949098,35000.0,n50000k0.70i2,False,0.013999999999999999
50000,0.7,sssp_duan_et_al,0.007699199999933626,35000.0,n50000k0.70i2,False,0.013999999999999999
50000,0.7,sssp_duan_et_al,0.007648239999980433,35000.0,n50000k0.70i2,False,0.013999999999999999
50000,0.7,sssp_duan_et_al,0.00729615999989619,35000.0,n50000k0.70i2,False,0.013999999999999999
50000,0.7,sssp_duan_et_al_iter,0.007266839999829244,35000.0,n50000k0.70i2,False,0.013999999999999999
50000,0.7,sssp_duan_et_al_iter,0.007449279999946157,35000.0,n50000k0.70i2,False,0.013999999999999999
50000,0.7,sssp_duan_et_al_iter,0.007404519999909098,35000.0,n50000k0.70i2,False,0.013999999999999999
50000,0.7,sssp_duan_et_al_iter,0.007295919999933176,35000.0,n50000k0.70i2,False,0.013999999999999999
50000,0.7,sssp_duan_et_al_iter,0.007520639999938794,35000.0,n50000k0.70i2,False,0.013999999999999999
50000,0.7,dijkstra,0.02408992000005128,35000.0,n50000k0.70i3,False,0.002
50000,0.7,dijkstra,0.021547320000081527,35000.0,n50000k0.70i3,False,0.002
50000,0.7,dijkstra,0.02188623999995798,35000.0,n50000k0.70i3,False,0.002
50000,0.7,dijkstra,0.02157375999991018,35000.0,n50000k0.70i3,False,0.002
50000,0.7,dijkstra,0.02047752000021319,35000.0,n50000k0.70i3,False,0.002
50000,0.7,sssp_duan_et_al,0.00747215999990658,35000.0,n50000k0.70i3,False,0.002
50000,0.7,sssp_duan_et_al,0.007169159999875774,35000.0,n50000k0.70i3,False,0.002
50000,0.7,sssp_duan_et_al,0.007201199999826713,35000.0,n50000k0.70i3,False,0.002
50000,0.7,sssp_duan_et_al,0.0069759600000907085,35000.0,n50000k0.70i3,False,0.002
50000,0.7,sssp_duan_et_al,0.007282519999989745,35000.0,n50000k0.70i3,False,0.002
50000,0.7,sssp_duan_et_al_iter,0.007668359999797758,35000.0,n50000k0.70i3,False,0.002
50000,0.7,sssp_duan_et_al_iter,0.00769159999981639,35000.0,n50000k0.70i3,False,0.002
50000,0.7,sssp_duan_et_al_iter,0.007397999999966487,35000.0,n50000k0.70i3,False,0.002
50000,0.7,sssp_duan_et_al_iter,0.007275480000089374,35000.0,n50000k0.70i3,False,0.002
50000,0.7,sssp_duan_et_al_iter,0.0073831199999858654,35000.0,n50000k0.70i3,False,0.002
50000,0.7,dijkstra,0.023980279999932463,35000.0,n50000k0.70i4,False,0.002
50000,0.7,dijkstra,0.023196999999981927,35000.0,n50000k0.70i4,False,0.002
50000,0.7,dijkstra,0.02307476000009956,35000.0,n50000k0.70i4,False,0.002
50000,0.7,dijkstra,0.021844319999900108,35000.0,n50000k0.70i4,False,0.002
50000,0.7,dijkstra,0.020962040000085835,35000.0,n50000k0.70i4,False,0.002
50000,0.7,sssp_duan_et_al,0.007152560000122321,35000.0,n50000k0.70i4,False,0.002
50000,0.7,sssp_duan_et_al,0.007037040000113848,35000.0,n50000k0.70i4,False,0.002
50000,0.7,sssp_duan_et_al,0.007129880000093181,35000.0,n50000k0.70i4,False,0.002
50000,0.7,sssp_duan_et_al,0.006855360000145083,35000.0,n50000k0.70i4,False,0.002
50000,0.7,sssp_duan_et_al,0.006866319999971893,35000.0,n50000k0.70i4,False,0.002
50000,0.7,sssp_duan_et_al_iter,0.006797880000021905,35000.0,n50000k0.70i4,False,0.002
50000,0.7,sssp_duan_et_al_iter,0.006853559999854042,35000.0,n50000k0.70i4,False,0.002
50000,0.7,sssp_duan_et_al_iter,0.007191680000005363,35000.0,n50000k0.70i4,False,0.002
50000,0.7,sssp_duan_et_al_iter,0.006971200000180033,35000.0,n50000k0.70i4,False,0.002
50000,0.7,sssp_duan_et_al_iter,0.007103199999846765,35000.0,n50000k0.70i4,False,0.002
50000,0.5,dijkstra,0.017435440000099334,25000.0,n50000k0.50i0,False,0.002
50000,0.5,dijkstra,0.015167880000035439,25000.0,n50000k0.50i0,False,0.002
50000,0.5,dijkstra,0.01544452000007368,25000.0,n50000k0.50i0,False,0.002
50000,0.5,dijkstra,0.01502148000008674,25000.0,n50000k0.50i0,False,0.002
50000,0.5,dijkstra,0.015049079999926107,25000.0,n50000k0.50i0,False,0.002
50000,0.5,sssp_duan_et_al,0.006564519999983531,25000.0,n50000k0.50i0,False,0.002
50000,0.5,sssp_duan_et_al,0.006189520000134507,25000.0,n50000k0.50i0,False,0.002
50000,0.5,sssp_duan_et_al,0.0060842000000320695,25000.0,n50000k0.50i0,False,0.002
50000,0.5,sssp_duan_et_al,0.005536440000014409,25000.0,n50000k0.50i0,False,0.002
50000,0.5,sssp_duan_et_al,0.00552216000005501,25000.0,n50000k0.50i0,False,0.002
50000,0.5,sssp_duan_et_al_iter,0.005516120000038427,25000.0,n50000k0.50i0,False,0.002
50000,0.5,sssp_duan_et_al_iter,0.005629680000083681,25000.0,n50000k0.50i0,False,0.002
50000,0.5,sssp_duan_et_al_iter,0.005692160000080548,25000.0,n50000k0.50i0,False,0.002
50000,0.5,sssp_duan_et_al_iter,0.005587559999867153,25000.0,n50000k0.50i0,False,0.002
50000,0.5,sssp_duan_et_al_iter,0.005773639999915758,25000.0,n50000k0.50i0,False,0.002
50000,0.5,dijkstra,0.017562239999961093,25000.0,n50000k0.50i1,False,0.002
50000,0.5,dijkstra,0.01651151999999456,25000.0,n50000k0.50i1,False,0.002
50000,0.5,dijkstra,0.01653160000000753,25000.0,n50000k0.50i1,False,0.002
50000,0.5,dijkstra,0.015450320000127249,25000.0,n50000k0.50i1,False,0.002
50000,0.5,dijkstra,0.015585800000053496,25000.0,n50000k0.50i1,False,0.002
50000,0.5,sssp_duan_et_al,0.006018759999960821,25000.0,n50000k0.50i1,False,0.002
50000,0.5,sssp_duan_et_al,0.005751680000003034,25000.0,n50000k0.50i1,False,0.002
50000,0.5,sssp_duan_et_al,0.006117520000088916,25000.0,n50000k0.50i1,False,0.002
50000,0.5,sssp_duan_et_al,0.005834719999938898,25000.0,n50000k0.50i1,False,0.002
50000,0.5,sssp_duan_et_al,0.005565799999885712,25000.0,n50000k0.50i1,False,0.002
50000,0.5,sssp_duan_et_al_iter,0.005547960000058083,25000.0,n50000k0.50i1,False,0.002
50000,0.5,sssp_duan_et_al_iter,0.005647760000101698,25000.0,n50000k0.50i1,False,0.002
50000,0.5,sssp_duan_et_al_iter,0.005597599999873637,25000.0,n50000k0.50i1,False,0.002
50000,0.5,sssp_duan_et_al_iter,0.0058367599999655795,25000.0,n50000k0.50i1,False,0.002
50000,0.5,sssp_duan_et_al_iter,0.005619680000108929,25000.0,n50000k0.50i1,False,0.002
50000,0.5,dijkstra,0.019380599999976766,25000.0,n50000k0.50i2,False,0.002
50000,0.5,dijkstra,0.017282159999922442,25000.0,n50000k0.50i2,False,0.002
50000,0.5,dijkstra,0.017424879999907716,25000.0,n50000k0.50i2,False,0.002
50000,0.5,dijkstra,0.016637960000025487,25000.0,n50000k0.50i2,False,0.002
50000,0.5,dijkstra,0.01808600000003935,25000.0,n50000k0.50i2,False,0.002
50000,0.5,sssp_duan_et_al,0.006851920000144673,25000.0,n50000k0.50i2,False,0.002
50000,0.5,sssp_duan_et_al,0.0069706799999949,25000.0,n50000k0.50i2,False,0.002
50000,0.5,sssp_duan_et_al,0.006603519999998753,25000.0,n50000k0.50i2,False,0.002
50000,0.5,sssp_duan_et_al,0.006345000000010259,25000.0,n50000k0.50i2,False,0.002
50000,0.5,sssp_duan_et_al,0.006297079999967536,25000.0,n50000k0.50i2,False,0.002
50000,0.5,sssp_duan_et_al_iter,0.005996959999947649,25000.0,n50000k0.50i2,False,0.002
50000,0.5,sssp_duan_et_al_iter,0.006108240000003207,25000.0,n50000k0.50i2,False,0.002
50000,0.5,sssp_duan_et_al_iter,0.006476199999951859,25000.0,n50000k0.50i2,False,0.002
50000,0.5,sssp_duan_et_al_iter,0.006528679999973974,25000.0,n50000k0.50i2,False,0.002
50000,0.5,sssp_duan_et_al_iter,0.006398279999984879,25000.0,n50000k0.50i2,False,0.002
50000,0.5,dijkstra,0.016915879999942263,25000.0,n50000k0.50i3,False,0.004
50000,0.5,dijkstra,0.016287840000131837,25000.0,n50000k0.50i3,False,0.004
50000,0.5,dijkstra,0.016866079999999783,25000.0,n50000k0.50i3,False,0.004
50000,0.5,dijkstra,0.016766920000009122,25000.0,n50000k0.50i3,False,0.004
50000,0.5,dijkstra,0.01639867999983835,25000.0,n50000k0.50i3,False,0.004
50000,0.5,sssp_duan_et_al,0.00596680000012384,25000.0,n50000k0.50i3,False,0.004
50000,0.5,sssp_duan_et_al,0.005609119999917311,25000.0,n50000k0.50i3,False,0.004
50000,0.5,sssp_duan_et_al,0.005480880000050092,25000.0,n50000k0.50i3,False,0.004
50000,0.5,sssp_duan_et_al,0.005478999999922962,25000.0,n50000k0.50i3,False,0.004
50000,0.5,sssp_duan_et_al,0.005592279999973471,25000.0,n50000k0.50i3,False,0.004
50000,0.5,sssp_duan_et_al_iter,0.005929159999823241,25000.0,n50000k0.50i3,False,0.004
50000,0.5,sssp_duan_et_al_iter,0.005741559999933088,25000.0,n50000k0.50i3,False,0.004
50000,0.5,sssp_duan_et_al_iter,0.005443799999966359,25000.0,n50000k0.50i3,False,0.004
50000,0.5,sssp_duan_et_al_iter,0.005673280000110026,25000.0,n50000k0.50i3,False,0.004
50000,0.5,sssp_duan_et_al_iter,0.005562919999874794,25000.0,n50000k0.50i3,False,0.004
50000,0.5,dijkstra,0.017961640000066836,25000.0,n50000k0.50i4,False,0.008
50000,0.5,dijkstra,0.016077640000048632,25000.0,n50000k0.50i4,False,0.008
50000,0.5,dijkstra,0.016600359999983993,25000.0,n50000k0.50i4,False,0.008
50000,0.5,dijkstra,0.015851599999905375,25000.0,n50000k0.50i4,False,0.008
50000,0.5,dijkstra,0.015377720000060435,25000.0,n50000k0.50i4,False,0.008
50000,0.5,sssp_duan_et_al,0.0066944400000465976,25000.0,n50000k0.50i4,False,0.008
50000,0.5,sssp_duan_et_al,0.006305319999910353,25000.0,n50000k0.50i4,False,0.008
50000,0.5,sssp_duan_et_al,0.006456719999960114,25000.0,n50000k0.50i4,False,0.008
50000,0.5,sssp_duan_et_al,0.006589200000007622,25000.0,n50000k0.50i4,False,0.008
50000,0.5,sssp_duan_et_al,0.006623359999821332,25000.0,n50000k0.50i4,False,0.008
50000,0.5,sssp_duan_et_al_iter,0.006581040000128269,25000.0,n50000k0.50i4,False,0.008
50000,0.5,sssp_duan_et_al_iter,0.006687800000008792,25000.0,n50000k0.50i4,False,0.008
50000,0.5,sssp_duan_et_al_iter,0.006265080000048329,25000.0,n50000k0.50i4,False,0.008
50000,0.5,sssp_duan_et_al_iter,0.006093599999985599,25000.0,n50000k0.50i4,False,0.008
50000,0.5,sssp_duan_et_al_iter,0.006088720000207104,25000.0,n50000k0.50i4,False,0.008
100000,5,dijkstra,0.9440389599999435,500000,n100000k5.00i0,False,99.323
100000,5,dijkstra,0.9822885600001428,500000,n100000k5.00i0,False,99.323
100000,5,dijkstra,0.9401522000000568,500000,n100000k5.00i0,False,99.323
100000,5,dijkstra,0.9245241199998873,500000,n100000k5.00i0,False,99.323
100000,5,dijkstra,0.9573235200000454,500000,n100000k5.00i0,False,99.323
100000,5,sssp_duan_et_al,58.74736247999999,500000,n100000k5.00i0,False,99.323
100000,5,sssp_duan_et_al,59.076520040000105,500000,n100000k5.00i0,False,99.323
100000,5,sssp_duan_et_al,60.06746280000016,500000,n100000k5.00i0,False,99.323
100000,5,sssp_duan_et_al,58.42488168,500000,n100000k5.00i0,False,99.323
100000,5,sssp_duan_et_al,57.76007279999999,500000,n100000k5.00i0,False,99.323
100000,5,sssp_duan_et_al_iter,60.390158879999944,500000,n100000k5.00i0,False,99.323
100000,5,sssp_duan_et_al_iter,58.6973244400001,500000,n100000k5.00i0,False,99.323
100000,5,sssp_duan_et_al_iter,59.4242134399999,500000,n100000k5.00i0,False,99.323
100000,5,sssp_duan_et_al_iter,60.08095348000006,500000,n100000k5.00i0,False,99.323
100000,5,sssp_duan_et_al_iter,60.145528440000135,500000,n100000k5.00i0,False,99.323
100000,5,dijkstra,0.9646007599999393,500000,n100000k5.00i1,False,99.33999999999999
100000,5,dijkstra,1.0030885200001194,500000,n100000k5.00i1,False,99.33999999999999
100000,5,dijkstra,0.9409990000001471,500000,n100000k5.00i1,False,99.33999999999999
100000,5,dijkstra,0.9458316000000195,500000,n100000k5.00i1,False,99.33999999999999
100000,5,dijkstra,0.9463136800000029,500000,n100000k5.00i1,False,99.33999999999999
100000,5,sssp_duan_et_al,57.74896872000022,500000,n100000k5.00i1,False,99.33999999999999
100000,5,sssp_duan_et_al,55.47347943999989,500000,n100000k5.00i1,False,99.33999999999999
100000,5,sssp_duan_et_al,56.65590608000002,500000,n100000k5.00i1,False,99.33999999999999
100000,5,sssp_duan_et_al,56.7498634799997,500000,n100000k5.00i1,False,99.33999999999999
100000,5,sssp_duan_et_al,56.20150291999971,500000,n100000k5.00i1,False,99.33999999999999
100000,5,sssp_duan_et_al_iter,56.3157974400001,500000,n100000k5.00i1,False,99.33999999999999
100000,5,sssp_duan_et_al_iter,56.91153952000013,500000,n100000k5.00i1,False,99.33999999999999
100000,5,sssp_duan_et_al_iter,55.34806600000002,500000,n100000k5.00i1,False,99.33999999999999
100000,5,sssp_duan_et_al_iter,55.14379988000019,500000,n100000k5.00i1,False,99.33999999999999
100000,5,sssp_duan_et_al_iter,54.61987627999997,500000,n100000k5.00i1,False,99.33999999999999
100000,5,dijkstra,1.013312120000137,500000,n100000k5.00i2,False,99.26899999999999
100000,5,dijkstra,0.9840128800001366,500000,n100000k5.00i2,False,99.26899999999999
100000,5,dijkstra,0.997020639999846,500000,n100000k5.00i2,False,99.26899999999999
100000,5,dijkstra,1.0336914800000159,500000,n100000k5.00i2,False,99.26899999999999
100000,5,dijkstra,1.0165994399999363,500000,n100000k5.00i2,False,99.26899999999999
100000,5,sssp_duan_et_al,61.24062783999989,500000,n100000k5.00i2,False,99.26899999999999
100000,5,sssp_duan_et_al,61.75687171999971,500000,n100000k5.00i2,False,99.26899999999999
100000,5,sssp_duan_et_al,60.86381724000012,500000,n100000k5.00i2,False,99.26899999999999
100000,5,sssp_duan_et_al,60.38877851999996,500000,n100000k5.00i2,False,99.26899999999999
100000,5,sssp_duan_et_al,59.67244288000029,500000,n100000k5.00i2,False,99.26899999999999
100000,5,sssp_duan_et_al_iter,59.49891063999985,500000,n100000k5.00i2,False,99.26899999999999
100000,5,sssp_duan_et_al_iter,61.70598979999977,500000,n100000k5.00i2,False,99.26899999999999
100000,5,sssp_duan_et_al_iter,62.306576479999876,500000,n100000k5.00i2,False,99.26899999999999
100000,5,sssp_duan_et_al_iter,62.70465407999973,500000,n100000k5.00i2,False,99.26899999999999
100000,5,sssp_duan_et_al_iter,61.024520720000055,500000,n100000k5.00i2,False,99.26899999999999
100000,5,dijkstra,1.0473789200000283,500000,n100000k5.00i3,False,99.291
100000,5,dijkstra,1.0428144800002883,500000,n100000k5.00i3,False,99.291
100000,5,dijkstra,1.0370455600000241,500000,n100000k5.00i3,False,99.291
100000,5,dijkstra,1.0215697999997246,500000,n100000k5.00i3,False,99.291
100000,5,dijkstra,1.0190510800002812,500000,n100000k5.00i3,False,99.291
100000,5,sssp_duan_et_al,58.66703808000011,500000,n100000k5.00i3,False,99.291
100000,5,sssp_duan_et_al,55.366996039999776,500000,n100000k5.00i3,False,99.291
100000,5,sssp_duan_et_al,56.59466659999998,500000,n100000k5.00i3,False,99.291
100000,5,sssp_duan_et_al,55.90965028000028,500000,n100000k5.00i3,False,99.291
100000,5,sssp_duan_et_al,56.09869267999966,500000,n100000k5.00i3,False,99.291
100000,5,sssp_duan_et_al_iter,56.94784339999978,500000,n100000k5.00i3,False,99.291
100000,5,sssp_duan_et_al_iter,56.32341687999997,500000,n100000k5.00i3,False,99.291
100000,5,sssp_duan_et_al_iter,55.953216520000296,500000,n100000k5.00i3,False,99.291
100000,5,sssp_duan_et_al_iter,57.79234707999967,500000,n100000k5.00i3,False,99.291
100000,5,sssp_duan_et_al_iter,55.49673931999996,500000,n100000k5.00i3,False,99.291
100000,5,dijkstra,0.9923665999999685,500000,n100000k5.00i4,False,99.288
100000,5,dijkstra,1.0049963600004048,500000,n100000k5.00i4,False,99.288
100000,5,dijkstra,1.0286531599999762,500000,n100000k5.00i4,False,99.288
100000,5,dijkstra,1.023815320000267,500000,n100000k5.00i4,False,99.288
100000,5,dijkstra,0.9959792800000287,500000,n100000k5.00i4,False,99.288
100000,5,sssp_duan_et_al,61.074898960000155,500000,n100000k5.00i4,False,99.288
100000,5,sssp_duan_et_al,59.459818799999994,500000,n100000k5.00i4,False,99.288
100000,5,sssp_duan_et_al,60.03063396000016,500000,n100000k5.00i4,False,99.288
100000,5,sssp_duan_et_al,60.28973455999994,500000,n100000k5.00i4,False,99.288
100000,5,sssp_duan_et_al,60.338407839999945,500000,n100000k5.00i4,False,99.288
100000,5,sssp_duan_et_al_iter,60.718563800000084,500000,n100000k5.00i4,False,99.288
100000,5,sssp_duan_et_al_iter,59.449581520000265,500000,n100000k5.00i4,False,99.288
100000,5,sssp_duan_et_al_iter,59.53738376000001,500000,n100000k5.00i4,False,99.288
100000,5,sssp_duan_et_al_iter,59.07961956000008,500000,n100000k5.00i4,False,99.288
100000,5,sssp_duan_et_al_iter,58.59523231999992,500000,n100000k5.00i4,False,99.288
100000,3,dijkstra,0.6973052399998778,300000,n100000k3.00i0,False,94.119
100000,3,dijkstra,0.6906556399999317,300000,n100000k3.00i0,False,94.119
100000,3,dijkstra,0.7194710399999167,300000,n100000k3.00i0,False,94.119
100000,3,dijkstra,0.7095902000000933,300000,n100000k3.00i0,False,94.119
100000,3,dijkstra,0.7605482799999663,300000,n100000k3.00i0,False,94.119
100000,3,sssp_duan_et_al,33.65493908000008,300000,n100000k3.00i0,False,94.119
100000,3,sssp_duan_et_al,33.0686929200001,300000,n100000k3.00i0,False,94.119
100000,3,sssp_duan_et_al,32.531409399999575,300000,n100000k3.00i0,False,94.119
100000,3,sssp_duan_et_al,33.08198144000016,300000,n100000k3.00i0,False,94.119
100000,3,sssp_duan_et_al,33.11665231999996,300000,n100000k3.00i0,False,94.119
100000,3,sssp_duan_et_al_iter,32.85676796000007,300000,n100000k3.00i0,False,94.119
100000,3,sssp_duan_et_al_iter,32.26001447999988,300000,n100000k3.00i0,False,94.119
100000,3,sssp_duan_et_al_iter,32.50753244000043,300000,n100000k3.00i0,False,94.119
100000,3,sssp_duan_et_al_iter,32.37144103999981,300000,n100000k3.00i0,False,94.119
100000,3,sssp_duan_et_al_iter,31.935488879999866,300000,n100000k3.00i0,False,94.119
100000,3,dijkstra,0.6785537599998861,300000,n100000k3.00i1,False,94.112
100000,3,dijkstra,0.720217720000619,300000,n100000k3.00i1,False,94.112
100000,3,dijkstra,0.7175589200005561,300000,n100000k3.00i1,False,94.112
100000,3,dijkstra,0.7149209999997765,300000,n100000k3.00i1,False,94.112
100000,3,dijkstra,0.7410342399998626,300000,n100000k3.00i1,False,94.112
100000,3,sssp_duan_et_al,31.573586319999777,300000,n100000k3.00i1,False,94.112
100000,3,sssp_duan_et_al,29.741674120000425,300000,n100000k3.00i1,False,94.112
100000,3,sssp_duan_et_al,30.398417160000463,300000,n100000k3.00i1,False,94.112
100000,3,sssp_duan_et_al,29.807050280000112,300000,n100000k3.00i1,False,94.112
100000,3,sssp_duan_et_al,30.42925195999942,300000,n100000k3.00i1,False,94.112
100000,3,sssp_duan_et_al_iter,30.247174399999494,300000,n100000k3.00i1,False,94.112
100000,3,sssp_duan_et_al_iter,30.136311119999846,300000,n100000k3.00i1,False,94.112
100000,3,sssp_duan_et_al_iter,29.99934631999986,300000,n100000k3.00i1,False,94.112
100000,3,sssp_duan_et_al_iter,30.447843680000005,300000,n100000k3.00i1,False,94.112
100000,3,sssp_duan_et_al_iter,30.39733595999951,300000,n100000k3.00i1,False,94.112
100000,3,dijkstra,0.7522118400002,300000,n100000k3.00i2,False,94.033
100000,3,dijkstra,0.7493896799996946,300000,n100000k3.00i2,False,94.033
100000,3,dijkstra,0.7328193600005761,300000,n100000k3.00i2,False,94.033
100000,3,dijkstra,0.7391076399999292,300000,n100000k3.00i2,False,94.033
100000,3,dijkstra,0.7903508800000054,300000,n100000k3.00i2,False,94.033
100000,3,sssp_duan_et_al,35.3902183199998,300000,n100000k3.00i2,False,94.033
100000,3,sssp_duan_et_al,35.40865896000014,300000,n100000k3.00i2,False,94.033
100000,3,sssp_duan_et_al,35.776478559999305,300000,n100000k3.00i2,False,94.033
100000,3,sssp_duan_et_al,35.45274668000002,300000,n100000k3.00i2,False,94.033
100000,3,sssp_duan_et_al,34.63555083999927,300000,n100000k3.00i2,False,94.033
100000,3,sssp_duan_et_al_iter,34.71287411999947,300000,n100000k3.00i2,False,94.033
100000,3,sssp_duan_et_al_iter,36.25131592000071,300000,n100000k3.00i2,False,94.033
100000,3,sssp_duan_et_al_iter,34.37415280000005,300000,n100000k3.00i2,False,94.033
100000,3,sssp_duan_et_al_iter,35.19256592000056,300000,n100000k3.00i2,False,94.033
100000,3,sssp_duan_et_al_iter,34.78113768000003,300000,n100000k3.00i2,False,94.033
100000,3,dijkstra,0.7141520400000445,300000,n100000k3.00i3,False,94.072
100000,3,dijkstra,0.7209463199997117,300000,n100000k3.00i3,False,94.072
100000,3,dijkstra,0.737361279999277,300000,n100000k3.00i3,False,94.072
100000,3,dijkstra,0.719049520000226,300000,n100000k3.00i3,False,94.072
100000,3,dijkstra,0.7313635600003181,300000,n100000k3.00i3,False,94.072
100000,3,sssp_duan_et_al,34.64922188000037,300000,n100000k3.00i3,False,94.072
100000,3,sssp_duan_et_al,33.16441291999945,300000,n100000k3.00i3,False,94.072
100000,3,sssp_duan_et_al,34.03428535999956,300000,n100000k3.00i3,False,94.072
100000,3,sssp_duan_et_al,33.296585440000854,300000,n100000k3.00i3,False,94.072
100000,3,sssp_duan_et_al,34.31409436000013,300000,n100000k3.00i3,False,94.072
100000,3,sssp_duan_et_al_iter,33.699945519999346,300000,n100000k3.00i3,False,94.072
100000,3,sssp_duan_et_al_iter,33.9654054800003,300000,n100000k3.00i3,False,94.072
100000,3,sssp_duan_et_al_iter,34.056875279999986,300000,n100000k3.00i3,False,94.072
100000,3,sssp_duan_et_al_iter,34.54832256000009,300000,n100000k3.00i3,False,94.072
100000,3,sssp_duan_et_al_iter,34.37109304000023,300000,n100000k3.00i3,False,94.072
100000,3,dijkstra,0.7402649199993903,300000,n100000k3.00i4,False,94.045
100000,3,dijkstra,0.7368025599998873,300000,n100000k3.00i4,False,94.045
100000,3,dijkstra,0.7511904399998457,300000,n100000k3.00i4,False,94.045
100000,3,dijkstra,0.7608975599996484,300000,n100000k3.00i4,False,94.045
100000,3,dijkstra,0.7387694400003966,300000,n100000k3.00i4,False,94.045
100000,3,sssp_duan_et_al,35.94515572,300000,n100000k3.00i4,False,94.045
100000,3,sssp_duan_et_al,34.96043591999933,300000,n100000k3.00i4,False,94.045
100000,3,sssp_duan_et_al,34.19219975999931,300000,n100000k3.00i4,False,94.045
100000,3,sssp_duan_et_al,34.925669520000156,300000,n100000k3.00i4,False,94.045
100000,3,sssp_duan_et_al,34.9498458399994,300000,n100000k3.00i4,False,94.045
100000,3,sssp_duan_et_al_iter,34.24450443999922,300000,n100000k3.00i4,False,94.045
100000,3,sssp_duan_et_al_iter,35.475987599999826,300000,n100000k3.00i4,False,94.045
100000,3,sssp_duan_et_al_iter,35.33686751999994,300000,n100000k3.00i4,False,94.045
100000,3,sssp_duan_et_al_iter,33.91728176000015,300000,n100000k3.00i4,False,94.045
100000,3,sssp_duan_et_al_iter,34.63421835999998,300000,n100000k3.00i4,False,94.045
100000,1,dijkstra,0.0761901999994734,100000,n100000k1.00i0,False,0.012
100000,1,dijkstra,0.06662207999943348,100000,n100000k1.00i0,False,0.012
100000,1,dijkstra,0.06322872000055213,100000,n100000k1.00i0,False,0.012
100000,1,dijkstra,0.06450995999966835,100000,n100000k1.00i0,False,0.012
100000,1,dijkstra,0.06469715999992331,100000,n100000k1.00i0,False,0.012
100000,1,sssp_duan_et_al,0.020054599999639322,100000,n100000k1.00i0,False,0.012
100000,1,sssp_duan_et_al,0.01965420000033191,100000,n100000k1.00i0,False,0.012
100000,1,sssp_duan_et_al,0.01865723999981128,100000,n100000k1.00i0,False,0.012
100000,1,sssp_duan_et_al,0.01867792000030022,100000,n100000k1.00i0,False,0.012
100000,1,sssp_duan_et_al,0.018484479999642645,100000,n100000k1.00i0,False,0.012
100000,1,sssp_duan_et_al_iter,0.018515519999709795,100000,n100000k1.00i0,False,0.012
100000,1,sssp_duan_et_al_iter,0.01828027999999904,100000,n100000k1.00i0,False,0.012
100000,1,sssp_duan_et_al_iter,0.019196760000340873,100000,n100000k1.00i0,False,0.012
100000,1,sssp_duan_et_al_iter,0.018153519999941636,100000,n100000k1.00i0,False,0.012
100000,1,sssp_duan_et_al_iter,0.01884448000055272,100000,n100000k1.00i0,False,0.012
100000,1,dijkstra,0.06874276000053214,100000,n100000k1.00i1,False,0.003
100000,1,dijkstra,0.06848040000022593,100000,n100000k1.00i1,False,0.003
100000,1,dijkstra,0.07060200000069017,100000,n100000k1.00i1,False,0.003
100000,1,dijkstra,0.06582152000009955,100000,n100000k1.00i1,False,0.003
100000,1,dijkstra,0.0657357600002797,100000,n100000k1.00i1,False,0.003
100000,1,sssp_duan_et_al,0.020156720000159112,100000,n100000k1.00i1,False,0.003
100000,1,sssp_duan_et_al,0.018669759999283997,100000,n100000k1.00i1,False,0.003
100000,1,sssp_duan_et_al,0.018234480000501208,100000,n100000k1.00i1,False,0.003
100000,1,sssp_duan_et_al,0.018783999999868684,100000,n100000k1.00i1,False,0.003
100000,1,sssp_duan_et_al,0.01838047999990522,100000,n100000k1.00i1,False,0.003
100000,1,sssp_duan_et_al_iter,0.019609240000136197,100000,n100000k1.00i1,False,0.003
100000,1,sssp_duan_et_al_iter,0.019211920000088867,100000,n100000k1.00i1,False,0.003
100000,1,sssp_duan_et_al_iter,0.018903559999671415,100000,n100000k1.00i1,False,0.003
100000,1,sssp_duan_et_al_iter,0.01928420000058395,100000,n100000k1.00i1,False,0.003
100000,1,sssp_duan_et_al_iter,0.01929811999980302,100000,n100000k1.00i1,False,0.003
100000,1,dijkstra,0.06688991999999416,100000,n100000k1.00i2,False,0.005
100000,1,dijkstra,0.0643664400004127,100000,n100000k1.00i2,False,0.005
100000,1,dijkstra,0.06338924000010593,100000,n100000k1.00i2,False,0.005
100000,1,dijkstra,0.065015840000342,100000,n100000k1.00i2,False,0.005
100000,1,dijkstra,0.06496836000042094,100000,n100000k1.00i2,False,0.005
100000,1,sssp_duan_et_al,0.01986540000052628,100000,n100000k1.00i2,False,0.005
100000,1,sssp_duan_et_al,0.01939044000027934,100000,n100000k1.00i2,False,0.005
100000,1,sssp_duan_et_al,0.019571639999412582,100000,n100000k1.00i2,False,0.005
100000,1,sssp_duan_et_al,0.01946784000028856,100000,n100000k1.00i2,False,0.005
100000,1,sssp_duan_et_al,0.018697319999773754,100000,n100000k1.00i2,False,0.005
100000,1,sssp_duan_et_al_iter,0.019094680000307562,100000,n100000k1.00i2,False,0.005
100000,1,sssp_duan_et_al_iter,0.019225119999646267,100000,n100000k1.00i2,False,0.005
100000,1,sssp_duan_et_al_iter,0.01949272000001656,100000,n100000k1.00i2,False,0.005
100000,1,sssp_duan_et_al_iter,0.019825719999971625,100000,n100000k1.00i2,False,0.005
100000,1,sssp_duan_et_al_iter,0.018725520000771212,100000,n100000k1.00i2,False,0.005
100000,1,dijkstra,0.07042480000018259,100000,n100000k1.00i3,False,0.004
100000,1,dijkstra,0.0672885200001474,100000,n100000k1.00i3,False,0.004
100000,1,dijkstra,0.06788959999994404,100000,n100000k1.00i3,False,0.004
100000,1,dijkstra,0.06841223999981594,100000,n100000k1.00i3,False,0.004
100000,1,dijkstra,0.0702644800003327,100000,n100000k1.00i3,False,0.004
100000,1,sssp_duan_et_al,0.02103224000074988,100000,n100000k1.00i3,False,0.004
100000,1,sssp_duan_et_al,0.019105479999780073,100000,n100000k1.00i3,False,0.004
100000,1,sssp_duan_et_al,0.01821315999950457,100000,n100000k1.00i3,False,0.004
100000,1,sssp_duan_et_al,0.01829963999989559,100000,n100000k1.00i3,False,0.004
100000,1,sssp_duan_et_al,0.017293079999944894,100000,n100000k1.00i3,False,0.004
100000,1,sssp_duan_et_al_iter,0.018172840000261203,100000,n100000k1.00i3,False,0.004
100000,1,sssp_duan_et_al_iter,0.017143600000053993,100000,n100000k1.00i3,False,0.004
100000,1,sssp_duan_et_al_iter,0.01910680000037246,100000,n100000k1.00i3,False,0.004
100000,1,sssp_duan_et_al_iter,0.01807224000003771,100000,n100000k1.00i3,False,0.004
100000,1,sssp_duan_et_al_iter,0.01860975999989023,100000,n100000k1.00i3,False,0.004
100000,1,dijkstra,0.06729448000078264,100000,n100000k1.00i4,False,0.002
100000,1,dijkstra,0.06567231999997603,100000,n100000k1.00i4,False,0.002
100000,1,dijkstra,0.0670161600000938,100000,n100000k1.00i4,False,0.002
100000,1,dijkstra,0.06597011999929236,100000,n100000k1.00i4,False,0.002
100000,1,dijkstra,0.06592399999954068,100000,n100000k1.00i4,False,0.002
100000,1,sssp_duan_et_al,0.018952960000206076,100000,n100000k1.00i4,False,0.002
100000,1,sssp_duan_et_al,0.0175937599997269,100000,n100000k1.00i4,False,0.002
100000,1,sssp_duan_et_al,0.018661359999896376,100000,n100000k1.00i4,False,0.002
100000,1,sssp_duan_et_al,0.01838080000015907,100000,n100000k1.00i4,False,0.002
100000,1,sssp_duan_et_al,0.017721680000249762,100000,n100000k1.00i4,False,0.002
100000,1,sssp_duan_et_al_iter,0.01788823999959277,100000,n100000k1.00i4,False,0.002
100000,1,sssp_duan_et_al_iter,0.017665719999968132,100000,n100000k1.00i4,False,0.002
100000,1,sssp_duan_et_al_iter,0.018546360000073037,100000,n100000k1.00i4,False,0.002
100000,1,sssp_duan_et_al_iter,0.018027039999651606,100000,n100000k1.00i4,False,0.002
100000,1,sssp_duan_et_al_iter,0.02227604000017891,100000,n100000k1.00i4,False,0.002
100000,0.8,dijkstra,0.0628424400001677,80000.0,n100000k0.80i0,False,0.026
100000,0.8,dijkstra,0.06195583999942755,80000.0,n100000k0.80i0,False,0.026
100000,0.8,dijkstra,0.06388064000020677,80000.0,n100000k0.80i0,False,0.026
100000,0.8,dijkstra,0.0630847200000062,80000.0,n100000k0.80i0,False,0.026
100000,0.8,dijkstra,0.06254575999992085,80000.0,n100000k0.80i0,False,0.026
100000,0.8,sssp_duan_et_al,0.01925004000077024,80000.0,n100000k0.80i0,False,0.026
100000,0.8,sssp_duan_et_al,0.01875871999982337,80000.0,n100000k0.80i0,False,0.026
100000,0.8,sssp_duan_et_al,0.01844812000035745,80000.0,n100000k0.80i0,False,0.026
100000,0.8,sssp_duan_et_al,0.018233640000289597,80000.0,n100000k0.80i0,False,0.026
100000,0.8,sssp_duan_et_al,0.017422199999600707,80000.0,n100000k0.80i0,False,0.026
100000,0.8,sssp_duan_et_al_iter,0.017179480000777403,80000.0,n100000k0.80i0,False,0.026
100000,0.8,sssp_duan_et_al_iter,0.01782271999945806,80000.0,n100000k0.80i0,False,0.026
100000,0.8,sssp_duan_et_al_iter,0.0173471599991899,80000.0,n100000k0.80i0,False,0.026
100000,0.8,sssp_duan_et_al_iter,0.01746727999943687,80000.0,n100000k0.80i0,False,0.026
100000,0.8,sssp_duan_et_al_iter,0.017053239999768266,80000.0,n100000k0.80i0,False,0.026
100000,0.8,dijkstra,0.058398359999955574,80000.0,n100000k0.80i1,False,0.001
100000,0.8,dijkstra,0.0551941200001238,80000.0,n100000k0.80i1,False,0.001
100000,0.8,dijkstra,0.056430399999953806,80000.0,n100000k0.80i1,False,0.001
100000,0.8,dijkstra,0.05455656000049203,80000.0,n100000k0.80i1,False,0.001
100000,0.8,dijkstra,0.05633743999987928,80000.0,n100000k0.80i1,False,0.001
100000,0.8,sssp_duan_et_al,0.017468719999669702,80000.0,n100000k0.80i1,False,0.001
100000,0.8,sssp_duan_et_al,0.015709360000073502,80000.0,n100000k0.80i1,False,0.001
100000,0.8,sssp_duan_et_al,0.015992359999472683,80000.0,n100000k0.80i1,False,0.001
100000,0.8,sssp_duan_et_al,0.015529199999946286,80000.0,n100000k0.80i1,False,0.001
100000,0.8,sssp_duan_et_al,0.016326240000125836,80000.0,n100000k0.80i1,False,0.001
100000,0.8,sssp_duan_et_al_iter,0.015543999999863445,80000.0,n100000k0.80i1,False,0.001
100000,0.8,sssp_duan_et_al_iter,0.015288080000573245,80000.0,n100000k0.80i1,False,0.001
100000,0.8,sssp_duan_et_al_iter,0.019374959999368002,80000.0,n100000k0.80i1,False,0.001
100000,0.8,sssp_duan_et_al_iter,0.016072880000137957,80000.0,n100000k0.80i1,False,0.001
100000,0.8,sssp_duan_et_al_iter,0.016661600000588805,80000.0,n100000k0.80i1,False,0.001
100000,0.8,dijkstra,0.06182799999987765,80000.0,n100000k0.80i2,False,0.009000000000000001
100000,0.8,dijkstra,0.061404160000165575,80000.0,n100000k0.80i2,False,0.009000000000000001
100000,0.8,dijkstra,0.06170164000013756,80000.0,n100000k0.80i2,False,0.009000000000000001
100000,0.8,dijkstra,0.06126432000019122,80000.0,n100000k0.80i2,False,0.009000000000000001
100000,0.8,dijkstra,0.062173880000045756,80000.0,n100000k0.80i2,False,0.009000000000000001
100000,0.8,sssp_duan_et_al,0.019159079999553796,80000.0,n100000k0.80i2,False,0.009000000000000001
100000,0.8,sssp_duan_et_al,0.017910919999849284,80000.0,n100000k0.80i2,False,0.009000000000000001
100000,0.8,sssp_duan_et_al,0.018040400000245427,80000.0,n100000k0.80i2,False,0.009000000000000001
100000,0.8,sssp_duan_et_al,0.01796439999998256,80000.0,n100000k0.80i2,False,0.009000000000000001
100000,0.8,sssp_duan_et_al,0.01855599999998958,80000.0,n100000k0.80i2,False,0.009000000000000001
100000,0.8,sssp_duan_et_al_iter,0.01775712000016938,80000.0,n100000k0.80i2,False,0.009000000000000001
100000,0.8,sssp_duan_et_al_iter,0.01844827999957488,80000.0,n100000k0.80i2,False,0.009000000000000001
100000,0.8,sssp_duan_et_al_iter,0.01767675999963103,80000.0,n100000k0.80i2,False,0.009000000000000001
100000,0.8,sssp_duan_et_al_iter,0.017859479999970063,80000.0,n100000k0.80i2,False,0.009000000000000001
100000,0.8,sssp_duan_et_al_iter,0.018370279999544437,80000.0,n100000k0.80i2,False,0.009000000000000001
100000,0.8,dijkstra,0.05924776000028942,80000.0,n100000k0.80i3,False,0.006999999999999999
100000,0.8,dijkstra,0.056518880000112404,80000.0,n100000k0.80i3,False,0.006999999999999999
100000,0.8,dijkstra,0.05550604000018211,80000.0,n100000k0.80i3,False,0.006999999999999999
100000,0.8,dijkstra,0.05647724000027665,80000.0,n100000k0.80i3,False,0.006999999999999999
100000,0.8,dijkstra,0.05477556000005279,80000.0,n100000k0.80i3,False,0.006999999999999999
100000,0.8,sssp_duan_et_al,0.01648620000014489,80000.0,n100000k0.80i3,False,0.006999999999999999
100000,0.8,sssp_duan_et_al,0.01474028000029648,80000.0,n100000k0.80i3,False,0.006999999999999999
100000,0.8,sssp_duan_et_al,0.015971599999829778,80000.0,n100000k0.80i3,False,0.006999999999999999
100000,0.8,sssp_duan_et_al,0.014988240000093356,80000.0,n100000k0.80i3,False,0.006999999999999999
100000,0.8,sssp_duan_et_al,0.015460040000107256,80000.0,n100000k0.80i3,False,0.006999999999999999
100000,0.8,sssp_duan_et_al_iter,0.016059799999311508,80000.0,n100000k0.80i3,False,0.006999999999999999
100000,0.8,sssp_duan_et_al_iter,0.015369159999863768,80000.0,n100000k0.80i3,False,0.006999999999999999
100000,0.8,sssp_duan_et_al_iter,0.01578036000046268,80000.0,n100000k0.80i3,False,0.006999999999999999
100000,0.8,sssp_duan_et_al_iter,0.01564204000078462,80000.0,n100000k0.80i3,False,0.006999999999999999
100000,0.8,sssp_duan_et_al_iter,0.01605680000011489,80000.0,n100000k0.80i3,False,0.006999999999999999
100000,0.8,dijkstra,0.06178068000008352,80000.0,n100000k0.80i4,False,0.013999999999999999
100000,0.8,dijkstra,0.06090531999961968,80000.0,n100000k0.80i4,False,0.013999999999999999
100000,0.8,dijkstra,0.059633880000546924,80000.0,n100000k0.80i4,False,0.013999999999999999
100000,0.8,dijkstra,0.05811431999973138,80000.0,n100000k0.80i4,False,0.013999999999999999
100000,0.8,dijkstra,0.05799727999965398,80000.0,n100000k0.80i4,False,0.013999999999999999
100000,0.8,sssp_duan_et_al,0.01823315999990882,80000.0,n100000k0.80i4,False,0.013999999999999999
100000,0.8,sssp_duan_et_al,0.01722836000044481,80000.0,n100000k0.80i4,False,0.013999999999999999
100000,0.8,sssp_duan_et_al,0.017662999999629392,80000.0,n100000k0.80i4,False,0.013999999999999999
100000,0.8,sssp_duan_et_al,0.018744519999927434,80000.0,n100000k0.80i4,False,0.013999999999999999
100000,0.8,sssp_duan_et_al,0.016836119999425136,80000.0,n100000k0.80i4,False,0.013999999999999999
100000,0.8,sssp_duan_et_al_iter,0.016459680000480148,80000.0,n100000k0.80i4,False,0.013999999999999999
100000,0.8,sssp_duan_et_al_iter,0.01588856000034866,80000.0,n100000k0.80i4,False,0.013999999999999999
100000,0.8,sssp_duan_et_al_iter,0.01622776000021986,80000.0,n100000k0.80i4,False,0.013999999999999999
100000,0.8,sssp_duan_et_al_iter,0.015066079999996873,80000.0,n100000k0.80i4,False,0.013999999999999999
100000,0.8,sssp_duan_et_al_iter,0.015565520000563993,80000.0,n100000k0.80i4,False,0.013999999999999999
100000,0.7,dijkstra,0.04956899999979214,70000.0,n100000k0.70i0,False,0.001
100000,0.7,dijkstra,0.04880744000001869,70000.0,n100000k0.70i0,False,0.001
100000,0.7,dijkstra,0.049936600000364706,70000.0,n100000k0.70i0,False,0.001
100000,0.7,dijkstra,0.04676784000002954,70000.0,n100000k0.70i0,False,0.001
100000,0.7,dijkstra,0.04713499999979831,70000.0,n100000k0.70i0,False,0.001
100000,0.7,sssp_duan_et_al,0.015645000000404252,70000.0,n100000k0.70i0,False,0.001
100000,0.7,sssp_duan_et_al,0.01369440000053146,70000.0,n100000k0.70i0,False,0.001
100000,0.7,sssp_duan_et_al,0.01460192000013194,70000.0,n100000k0.70i0,False,0.001
100000,0.7,sssp_duan_et_al,0.014018120000400813,70000.0,n100000k0.70i0,False,0.001
100000,0.7,sssp_duan_et_al,0.013887520000025688,70000.0,n100000k0.70i0,False,0.001
100000,0.7,sssp_duan_et_al_iter,0.013822760000039125,70000.0,n100000k0.70i0,False,0.001
100000,0.7,sssp_duan_et_al_iter,0.013829880000230332,70000.0,n100000k0.70i0,False,0.001
100000,0.7,sssp_duan_et_al_iter,0.014956120000533701,70000.0,n100000k0.70i0,False,0.001
100000,0.7,sssp_duan_et_al_iter,0.013976839999486401,70000.0,n100000k0.70i0,False,0.001
100000,0.7,sssp_duan_et_al_iter,0.014140479999696254,70000.0,n100000k0.70i0,False,0.001
100000,0.7,dijkstra,0.04571712000051775,70000.0,n100000k0.70i1,False,0.004
100000,0.7,dijkstra,0.04957891999947606,70000.0,n100000k0.70i1,False,0.004
100000,0.7,dijkstra,0.049636360000477,70000.0,n100000k0.70i1,False,0.004
100000,0.7,dijkstra,0.04595292000067275,70000.0,n100000k0.70i1,False,0.004
100000,0.7,dijkstra,0.04350596000040241,70000.0,n100000k0.70i1,False,0.004
100000,0.7,sssp_duan_et_al,0.015693600000304286,70000.0,n100000k0.70i1,False,0.004
100000,0.7,sssp_duan_et_al,0.014035039999725996,70000.0,n100000k0.70i1,False,0.004
100000,0.7,sssp_duan_et_al,0.014710679999552667,70000.0,n100000k0.70i1,False,0.004
100000,0.7,sssp_duan_et_al,0.015199999999822467,70000.0,n100000k0.70i1,False,0.004
100000,0.7,sssp_duan_et_al,0.015417040000102133,70000.0,n100000k0.70i1,False,0.004
100000,0.7,sssp_duan_et_al_iter,0.013865000000805594,70000.0,n100000k0.70i1,False,0.004
100000,0.7,sssp_duan_et_al_iter,0.014621280000028491,70000.0,n100000k0.70i1,False,0.004
100000,0.7,sssp_duan_et_al_iter,0.01538676000018313,70000.0,n100000k0.70i1,False,0.004
100000,0.7,sssp_duan_et_al_iter,0.01565532000040548,70000.0,n100000k0.70i1,False,0.004
100000,0.7,sssp_duan_et_al_iter,0.016438839999864285,70000.0,n100000k0.70i1,False,0.004
100000,0.7,dijkstra,0.04826495999986946,70000.0,n100000k0.70i2,False,0.001
100000,0.7,dijkstra,0.04730620000009367,70000.0,n100000k0.70i2,False,0.001
100000,0.7,dijkstra,0.048653200000444485,70000.0,n100000k0.70i2,False,0.001
100000,0.7,dijkstra,0.048830119999365706,70000.0,n100000k0.70i2,False,0.001
100000,0.7,dijkstra,0.04825459999938175,70000.0,n100000k0.70i2,False,0.001
100000,0.7,sssp_duan_et_al,0.0167414400002599,70000.0,n100000k0.70i2,False,0.001
100000,0.7,sssp_duan_et_al,0.015155039999626752,70000.0,n100000k0.70i2,False,0.001
100000,0.7,sssp_duan_et_al,0.01552188000005117,70000.0,n100000k0.70i2,False,0.001
100000,0.7,sssp_duan_et_al,0.015397719999782566,70000.0,n100000k0.70i2,False,0.001
100000,0.7,sssp_duan_et_al,0.014664840000477852,70000.0,n100000k0.70i2,False,0.001
100000,0.7,sssp_duan_et_al_iter,0.014992440000241913,70000.0,n100000k0.70i2,False,0.001
100000,0.7,sssp_duan_et_al_iter,0.014705720000165456,70000.0,n100000k0.70i2,False,0.001
100000,0.7,sssp_duan_et_al_iter,0.014390320000529755,70000.0,n100000k0.70i2,False,0.001
100000,0.7,sssp_duan_et_al_iter,0.013919840000198747,70000.0,n100000k0.70i2,False,0.001
100000,0.7,sssp_duan_et_al_iter,0.014329800000268733,70000.0,n100000k0.70i2,False,0.001
100000,0.7,dijkstra,0.05230539999956818,70000.0,n100000k0.70i3,False,0.002
100000,0.7,dijkstra,0.05216472000029171,70000.0,n100000k0.70i3,False,0.002
100000,0.7,dijkstra,0.05147703999955411,70000.0,n100000k0.70i3,False,0.002
100000,0.7,dijkstra,0.05106571999931475,70000.0,n100000k0.70i3,False,0.002
100000,0.7,dijkstra,0.05210079999960726,70000.0,n100000k0.70i3,False,0.002
100000,0.7,sssp_duan_et_al,0.016493760000230395,70000.0,n100000k0.70i3,False,0.002
100000,0.7,sssp_duan_et_al,0.015618919999724312,70000.0,n100000k0.70i3,False,0.002
100000,0.7,sssp_duan_et_al,0.015321840000069642,70000.0,n100000k0.70i3,False,0.002
100000,0.7,sssp_duan_et_al,0.015168920000178332,70000.0,n100000k0.70i3,False,0.002
100000,0.7,sssp_duan_et_al,0.01532760000009148,70000.0,n100000k0.70i3,False,0.002
100000,0.7,sssp_duan_et_al_iter,0.014435320000302454,70000.0,n100000k0.70i3,False,0.002
100000,0.7,sssp_duan_et_al_iter,0.015602399999806948,70000.0,n100000k0.70i3,False,0.002
100000,0.7,sssp_duan_et_al_iter,0.014292040000327688,70000.0,n100000k0.70i3,False,0.002
100000,0.7,sssp_duan_et_al_iter,0.014596920000258251,70000.0,n100000k0.70i3,False,0.002
100000,0.7,sssp_duan_et_al_iter,0.014845879999484168,70000.0,n100000k0.70i3,False,0.002
100000,0.7,dijkstra,0.05044383999938873,70000.0,n100000k0.70i4,False,0.001
100000,0.7,dijkstra,0.049729000000297674,70000.0,n100000k0.70i4,False,0.001
100000,0.7,dijkstra,0.048953359999359236,70000.0,n100000k0.70i4,False,0.001
100000,0.7,dijkstra,0.048853719999897294,70000.0,n100000k0.70i4,False,0.001
100000,0.7,dijkstra,0.050196600000163016,70000.0,n100000k0.70i4,False,0.001
100000,0.7,sssp_duan_et_al,0.016352919999917503,70000.0,n100000k0.70i4,False,0.001
100000,0.7,sssp_duan_et_al,0.01505436000024929,70000.0,n100000k0.70i4,False,0.001
100000,0.7,sssp_duan_et_al,0.015084279999427963,70000.0,n100000k0.70i4,False,0.001
100000,0.7,sssp_duan_et_al,0.015561359999992419,70000.0,n100000k0.70i4,False,0.001
100000,0.7,sssp_duan_et_al,0.0148817199997211,70000.0,n100000k0.70i4,False,0.001
100000,0.7,sssp_duan_et_al_iter,0.015236719999847992,70000.0,n100000k0.70i4,False,0.001
100000,0.7,sssp_duan_et_al_iter,0.015746999999464606,70000.0,n100000k0.70i4,False,0.001
100000,0.7,sssp_duan_et_al_iter,0.015604680000251392,70000.0,n100000k0.70i4,False,0.001
100000,0.7,sssp_duan_et_al_iter,0.014741559999492893,70000.0,n100000k0.70i4,False,0.001
100000,0.7,sssp_duan_et_al_iter,0.015113559999917925,70000.0,n100000k0.70i4,False,0.001
100000,0.5,dijkstra,0.04131439999946451,50000.0,n100000k0.50i0,False,0.002
100000,0.5,dijkstra,0.04231511999932991,50000.0,n100000k0.50i0,False,0.002
100000,0.5,dijkstra,0.041690720000588044,50000.0,n100000k0.50i0,False,0.002
100000,0.5,dijkstra,0.041190240000105405,50000.0,n100000k0.50i0,False,0.002
100000,0.5,dijkstra,0.040401800000836374,50000.0,n100000k0.50i0,False,0.002
100000,0.5,sssp_duan_et_al,0.014530760000525333,50000.0,n100000k0.50i0,False,0.002
100000,0.5,sssp_duan_et_al,0.01364767999984906,50000.0,n100000k0.50i0,False,0.002
100000,0.5,sssp_duan_et_al,0.012797800000043935,50000.0,n100000k0.50i0,False,0.002
100000,0.5,sssp_duan_et_al,0.013175999999475607,50000.0,n100000k0.50i0,False,0.002
100000,0.5,sssp_duan_et_al,0.0134388400001626,50000.0,n100000k0.50i0,False,0.002
100000,0.5,sssp_duan_et_al_iter,0.013411960000667023,50000.0,n100000k0.50i0,False,0.002
100000,0.5,sssp_duan_et_al_iter,0.013756400000602298,50000.0,n100000k0.50i0,False,0.002
100000,0.5,sssp_duan_et_al_iter,0.013024400000176684,50000.0,n100000k0.50i0,False,0.002
100000,0.5,sssp_duan_et_al_iter,0.013270839999677264,50000.0,n100000k0.50i0,False,0.002
100000,0.5,sssp_duan_et_al_iter,0.013137160000042059,50000.0,n100000k0.50i0,False,0.002
100000,0.5,dijkstra,0.04010340000058932,50000.0,n100000k0.50i1,False,0.002
100000,0.5,dijkstra,0.03598535999935848,50000.0,n100000k0.50i1,False,0.002
100000,0.5,dijkstra,0.03672116000052483,50000.0,n100000k0.50i1,False,0.002
100000,0.5,dijkstra,0.03260075999969558,50000.0,n100000k0.50i1,False,0.002
100000,0.5,dijkstra,0.03361795999990136,50000.0,n100000k0.50i1,False,0.002
100000,0.5,sssp_duan_et_al,0.012693879999460478,50000.0,n100000k0.50i1,False,0.002
100000,0.5,sssp_duan_et_al,0.011562079999748676,50000.0,n100000k0.50i1,False,0.002
100000,0.5,sssp_duan_et_al,0.010928039999271277,50000.0,n100000k0.50i1,False,0.002
100000,0.5,sssp_duan_et_al,0.011594760000662063,50000.0,n100000k0.50i1,False,0.002
100000,0.5,sssp_duan_et_al,0.011451639999904728,50000.0,n100000k0.50i1,False,0.002
100000,0.5,sssp_duan_et_al_iter,0.011622639999586681,50000.0,n100000k0.50i1,False,0.002
100000,0.5,sssp_duan_et_al_iter,0.011980760000369628,50000.0,n100000k0.50i1,False,0.002
100000,0.5,sssp_duan_et_al_iter,0.011617279999882157,50000.0,n100000k0.50i1,False,0.002
100000,0.5,sssp_duan_et_al_iter,0.011537999999745807,50000.0,n100000k0.50i1,False,0.002
100000,0.5,sssp_duan_et_al_iter,0.011729160000868433,50000.0,n100000k0.50i1,False,0.002
100000,0.5,dijkstra,0.039204159999826516,50000.0,n100000k0.50i2,False,0.002
100000,0.5,dijkstra,0.03855915999974968,50000.0,n100000k0.50i2,False,0.002
100000,0.5,dijkstra,0.04094807999990735,50000.0,n100000k0.50i2,False,0.002
100000,0.5,dijkstra,0.03941755999949237,50000.0,n100000k0.50i2,False,0.002
100000,0.5,dijkstra,0.03847500000028958,50000.0,n100000k0.50i2,False,0.002
100000,0.5,sssp_duan_et_al,0.013823399999637331,50000.0,n100000k0.50i2,False,0.002
100000,0.5,sssp_duan_et_al,0.0130767199998445,50000.0,n100000k0.50i2,False,0.002
100000,0.5,sssp_duan_et_al,0.013175160000173491,50000.0,n100000k0.50i2,False,0.002
100000,0.5,sssp_duan_et_al,0.012960840000232565,50000.0,n100000k0.50i2,False,0.002
100000,0.5,sssp_duan_et_al,0.0127093999999488,50000.0,n100000k0.50i2,False,0.002
100000,0.5,sssp_duan_et_al_iter,0.012634520000574412,50000.0,n100000k0.50i2,False,0.002
100000,0.5,sssp_duan_et_al_iter,0.012557080000078713,50000.0,n100000k0.50i2,False,0.002
100000,0.5,sssp_duan_et_al_iter,0.013146760000381619,50000.0,n100000k0.50i2,False,0.002
100000,0.5,sssp_duan_et_al_iter,0.013133880000168574,50000.0,n100000k0.50i2,False,0.002
100000,0.5,sssp_duan_et_al_iter,0.013366640000640473,50000.0,n100000k0.50i2,False,0.002
100000,0.5,dijkstra,0.039216319999468396,50000.0,n100000k0.50i3,False,0.001
100000,0.5,dijkstra,0.03772235999986151,50000.0,n100000k0.50i3,False,0.001
100000,0.5,dijkstra,0.0371147200003179,50000.0,n100000k0.50i3,False,0.001
100000,0.5,dijkstra,0.03735480000068492,50000.0,n100000k0.50i3,False,0.001
100000,0.5,dijkstra,0.03861748000053922,50000.0,n100000k0.50i3,False,0.001
100000,0.5,sssp_duan_et_al,0.013043840000136697,50000.0,n100000k0.50i3,False,0.001
100000,0.5,sssp_duan_et_al,0.012041799999678915,50000.0,n100000k0.50i3,False,0.001
100000,0.5,sssp_duan_et_al,0.012140240000007907,50000.0,n100000k0.50i3,False,0.001
100000,0.5,sssp_duan_et_al,0.01169307999953162,50000.0,n100000k0.50i3,False,0.001
100000,0.5,sssp_duan_et_al,0.012041279999721155,50000.0,n100000k0.50i3,False,0.001
100000,0.5,sssp_duan_et_al_iter,0.011811160000434029,50000.0,n100000k0.50i3,False,0.001
100000,0.5,sssp_duan_et_al_iter,0.01228687999991962,50000.0,n100000k0.50i3,False,0.001
100000,0.5,sssp_duan_et_al_iter,0.012139759999627131,50000.0,n100000k0.50i3,False,0.001
100000,0.5,sssp_duan_et_al_iter,0.011724320000212174,50000.0,n100000k0.50i3,False,0.001
100000,0.5,sssp_duan_et_al_iter,0.012161519999608572,50000.0,n100000k0.50i3,False,0.001
100000,0.5,dijkstra,0.041326000000481145,50000.0,n100000k0.50i4,False,0.001
100000,0.5,dijkstra,0.039665360000071814,50000.0,n100000k0.50i4,False,0.001
100000,0.5,dijkstra,0.04057435999948211,50000.0,n100000k0.50i4,False,0.001
100000,0.5,dijkstra,0.041040919999431935,50000.0,n100000k0.50i4,False,0.001
100000,0.5,dijkstra,0.040677920000234735,50000.0,n100000k0.50i4,False,0.001
100000,0.5,sssp_duan_et_al,0.014229119999981776,50000.0,n100000k0.50i4,False,0.001
100000,0.5,sssp_duan_et_al,0.013187200000174926,50000.0,n100000k0.50i4,False,0.001
100000,0.5,sssp_duan_et_al,0.01387371999953757,50000.0,n100000k0.50i4,False,0.001
100000,0.5,sssp_duan_et_al,0.013965680000183056,50000.0,n100000k0.50i4,False,0.001
100000,0.5,sssp_duan_et_al,0.013603360000161047,50000.0,n100000k0.50i4,False,0.001
100000,0.5,sssp_duan_et_al_iter,0.013628879999487253,50000.0,n100000k0.50i4,False,0.001
100000,0.5,sssp_duan_et_al_iter,0.013370719999329594,50000.0,n100000k0.50i4,False,0.001
100000,0.5,sssp_duan_et_al_iter,0.013290679999954591,50000.0,n100000k0.50i4,False,0.001
100000,0.5,sssp_duan_et_al_iter,0.012922920000164595,50000.0,n100000k0.50i4,False,0.001
100000,0.5,sssp_duan_et_al_iter,0.013372919999710575,50000.0,n100000k0.50i4,False,0.001
