{"(10, 0.01, 'dijkstra')": [0.0015322999097406864, 3.400025889277458e-06, 1.3998942449688911e-06, 1.300009898841381e-06, 8.998904377222061e-07, 9.00006853044033e-07, 8.00006091594696e-07, 6.00004568696022e-07, 1.300009898841381e-06, 1.0998919606208801e-06, 7.00005330145359e-07, 6.00004568696022e-07, 8.00006091594696e-07, 8.00006091594696e-07, 7.00005330145359e-07, 1.100008375942707e-06, 7.00005330145359e-07, 5.998881533741951e-07, 7.00005330145359e-07, 8.00006091594696e-07, 9.00006853044033e-07, 8.00006091594696e-07, 6.00004568696022e-07, 1.00000761449337e-06, 8.00006091594696e-07, 7.00005330145359e-07, 1.100008375942707e-06, 7.00005330145359e-07, 1.00000761449337e-06, 6.00004568696022e-07], "(10, 0.01, 'sssp_duan_et_al')": [2.9699993319809437e-05, 4.400033503770828e-06, 2.9999064281582832e-06, 1.5600002370774746e-05, 3.6999117583036423e-06, 3.700028173625469e-06, 2.500019036233425e-06, 2.300017513334751e-06, 2.300017513334751e-06, 7.999944500625134e-06, 2.600019797682762e-06, 3.100023604929447e-06, 2.400018274784088e-06, 2.200016751885414e-06, 3.600027412176132e-06, 2.600019797682762e-06, 2.400018274784088e-06, 2.300017513334751e-06, 6.9999368861317635e-06, 5.800044164061546e-06, 2.600019797682762e-06, 2.500019036233425e-06, 2.300017513334751e-06, 2.200016751885414e-06, 2.700020559132099e-06, 2.200016751885414e-06, 2.700020559132099e-06, 2.400018274784088e-06, 2.300017513334751e-06, 2.200016751885414e-06], "(10, 0.1, 'dijkstra')": [3.700028173625469e-06, 4.300032742321491e-06, 2.100015990436077e-06, 1.700012944638729e-06, 1.500011421740055e-06, 1.500011421740055e-06, 2.300017513334751e-06, 1.5998957678675652e-06, 1.500011421740055e-06, 2.00001522898674e-06, 1.800013706088066e-06, 1.9000144675374031e-06, 2.09989957511425e-06, 1.9000144675374031e-06, 1.400010660290718e-06, 2.400018274784088e-06, 1.600012183189392e-06, 2.199900336563587e-06, 3.00002284348011e-06, 3.700028173625469e-06, 1.300009898841381e-06, 1.500011421740055e-06, 2.100015990436077e-06, 3.999914042651653e-06, 3.00002284348011e-06, 2.700020559132099e-06, 1.300009898841381e-06, 2.300017513334751e-06, 2.6999041438102722e-06, 1.700012944638729e-06], "(10, 0.1, 'sssp_duan_et_al')": [3.8000289350748062e-06, 3.999914042651653e-06, 2.900022082030773e-06, 7.70005863159895e-06, 6.800051778554916e-06, 2.900022082030773e-06, 2.599903382360935e-06, 2.500019036233425e-06, 7.100054062902927e-06, 1.6700010746717453e-05, 1.1899974197149277e-05, 3.1999079510569572e-06, 2.700020559132099e-06, 1.0300078429281712e-05, 6.200047209858894e-06, 9.300070814788342e-06, 2.800021320581436e-06, 2.1900050342082977e-05, 6.200047209858894e-06, 2.9999064281582832e-06, 5.500041879713535e-06, 8.00006091594696e-06, 3.200024366378784e-06, 2.700020559132099e-06, 6.3999323174357414e-06, 1.4499993994832039e-05, 9.600073099136353e-06, 1.4399993233382702e-05, 1.3599987141788006e-05, 3.00002284348011e-06], "(10, 0.5, 'dijkstra')": [7.900060154497623e-06, 7.4999406933784485e-06, 5.600042641162872e-06, 6.4999330788850784e-06, 6.200047209858894e-06, 6.299931555986404e-06, 6.400048732757568e-06, 6.00004568696022e-06, 6.299931555986404e-06, 7.00005330145359e-06, 6.5999338403344154e-06, 6.800051778554916e-06, 1.2299977242946625e-05, 1.0500079952180386e-05, 8.100061677396297e-06, 7.3999399319291115e-06, 7.00005330145359e-06, 6.8999361246824265e-06, 7.00005330145359e-06, 7.1999384090304375e-06, 7.100054062902927e-06, 6.199930794537067e-06, 6.400048732757568e-06, 7.0999376475811005e-06, 7.500057108700275e-06, 6.600050255656242e-06, 6.3999323174357414e-06, 6.00004568696022e-06, 6.8999361246824265e-06, 5.799927748739719e-06], "(10, 0.5, 'sssp_duan_et_al')": [4.770001396536827e-05, 3.909994848072529e-05, 4.1800085455179214e-05, 3.5899924114346504e-05, 3.800005652010441e-05, 3.85999446734786e-05, 3.930006641894579e-05, 3.5499921068549156e-05, 3.890006337314844e-05, 4.109996370971203e-05, 3.7100049667060375e-05, 3.309990279376507e-05, 3.8499943912029266e-05, 3.739993553608656e-05, 3.470003139227629e-05, 3.1800009310245514e-05, 3.530003596097231e-05, 3.6199926398694515e-05, 3.23000131174922e-05, 4.0100072510540485e-05, 3.869994543492794e-05, 4.840001929551363e-05, 3.66999302059412e-05, 3.9800070226192474e-05, 3.529991954565048e-05, 4.029995761811733e-05, 3.729993477463722e-05, 3.530003596097231e-05, 3.8400059565901756e-05, 2.9199989512562752e-05], "(1000, 0.01, 'dijkstra')": [0.0017969999462366104, 0.0019489000551402569, 0.002209999947808683, 0.0025680999970063567, 0.0018967000069096684, 0.0016819000011309981, 0.0016454999567940831, 0.0016963999951258302, 0.0016743999440222979, 0.0015750000020489097, 0.0020481999963521957, 0.0033993000397458673, 0.002606599940918386, 0.003376999986357987, 0.00212610000744462, 0.0019357999553903937, 0.0018614999717101455, 0.0019691999768838286, 0.0017441000090911984, 0.0026071000611409545, 0.0023440999211743474, 0.002514599938876927, 0.002243699971586466, 0.0019996000919491053, 0.0018255000468343496, 0.001772100105881691, 0.001665599993430078, 0.0019149999134242535, 0.0017699000891298056, 0.0017229000804945827], "(1000, 0.01, 'sssp_duan_et_al')": [0.003147799987345934, 0.00337530008982867, 0.0033722000662237406, 0.00339590001385659, 0.0034823999740183353, 0.002901499974541366, 0.0030273000011220574, 0.0031510000117123127, 0.0031199000077322125, 0.003439099993556738, 0.00359890004619956, 0.003202300053089857, 0.0031880000606179237, 0.0033069999190047383, 0.003335300018079579, 0.003845999948680401, 0.003158200066536665, 0.0032768999226391315, 0.0032414000015705824, 0.003130699973553419, 0.003294600057415664, 0.003031900036148727, 0.0030437998939305544, 0.003282100078649819, 0.0029881999362260103, 0.0035767999943345785, 0.0031109999399632215, 0.003239799989387393, 0.003003500052727759, 0.0029561000410467386], "(1000, 0.1, 'dijkstra')": [0.02113479992840439, 0.0190388000337407, 0.01646070007700473, 0.0206154000479728, 0.0202653999440372, 0.01874639990273863, 0.01544259989168495, 0.016502299928106368, 0.021703300066292286, 0.02209670003503561, 0.017202300019562244, 0.018354699946939945, 0.020168400020338595, 0.019079599995166063, 0.015640400000847876, 0.017580099985934794, 0.01676259993109852, 0.016634700004942715, 0.01736149995122105, 0.021232500090263784, 0.015921100042760372, 0.023331700009293854, 0.022864699945785105, 0.019008399918675423, 0.021088200039230287, 0.017388499923981726, 0.021923599997535348, 0.019579500076361, 0.01741019997280091, 0.02610280003864318], "(1000, 0.1, 'sssp_duan_et_al')": [0.024716999963857234, 0.022296200040727854, 0.028404799988493323, 0.02417659992352128, 0.024361700052395463, 0.023890399956144392, 0.023438500007614493, 0.023542999988421798, 0.024403900024481118, 0.02385860006324947, 0.030080600059591234, 0.025029500015079975, 0.025798199931159616, 0.023316500009968877, 0.023857500054873526, 0.024250399903394282, 0.022411599988117814, 0.02454590005800128, 0.02489949995651841, 0.021894600009545684, 0.02346709999255836, 0.024765899986959994, 0.02445689996238798, 0.02313830005005002, 0.021890200092457235, 0.022502300096675754, 0.02326699998229742, 0.023193800006993115, 0.024898100062273443, 0.026551199960522354], "(1000, 0.5, 'dijkstra')": [0.055965399951674044, 0.05264940008055419, 0.055079499958083034, 0.053359400015324354, 0.054375700070522726, 0.05294079997111112, 0.054422899964265525, 0.05321390007156879, 0.05556040001101792, 0.05449009989388287, 0.05528259999118745, 0.05322200001683086, 0.05443570006173104, 0.05367199995089322, 0.05528610001783818, 0.05386480002198368, 0.05517480010166764, 0.053901599952951074, 0.05425379995722324, 0.0537184999557212, 0.054878100054338574, 0.05377810006029904, 0.055000799940899014, 0.05359139991924167, 0.05462189996615052, 0.054234499926678836, 0.055106300045736134, 0.05426220002118498, 0.05469919997267425, 0.05346510000526905],