{"(1000, 0.01, 'dijkstra')": [0.0043735000072047114, 0.002014300087466836, 0.0021244999952614307, 0.0014530000044032931, 0.0015227000694721937, 0.0014770000707358122, 0.001503499923273921, 0.0015176000306382775, 0.0015305000124499202, 0.0015116001013666391, 0.001506800064817071, 0.0015869999770075083, 0.001474199932999909, 0.0014912999467924237, 0.0015202000504359603], "(1000, 0.01, 'sssp_duan_et_al')": [0.00305380008649081, 0.0035655000247061253, 0.003406899981200695, 0.002879600040614605, 0.002976600080728531, 0.0032333999406546354, 0.0029726000502705574, 0.0031892999541014433, 0.003235299955122173, 0.0031857999274507165, 0.0030227999668568373, 0.0031866999343037605, 0.0029702000319957733, 0.0030098999850451946, 0.0031509000109508634], "(1000, 0.05, 'dijkstra')": [0.01153300004079938, 0.012909599929116666, 0.0077674000058323145, 0.008256600005552173, 0.007034200010821223, 0.004953399999067187, 0.00486109999474138, 0.005372399929910898, 0.005207099951803684, 0.004915199941024184, 0.004891299991868436, 0.005072800093330443, 0.0051395000191405416, 0.00512490002438426, 0.004736200091429055], "(1000, 0.05, 'sssp_duan_et_al')": [0.010028400109149516, 0.010210399981588125, 0.008462700061500072, 0.009199399966746569, 0.009519599960185587, 0.009740300010889769, 0.00826589995995164, 0.0097548000048846, 0.008802499971352518, 0.008898000000044703, 0.008973899995908141, 0.009093200089409947, 0.00860939989797771, 0.009020900004543364, 0.009040899924002588], "(10000, 0.01, 'dijkstra')": [0.15015590004622936, 0.12530740001238883, 0.1533091999590397, 0.12618929997552186, 0.15291619999334216, 0.12726239999756217, 0.15416839998215437, 0.12770670000463724, 0.1540345000103116, 0.1296046000206843, 0.15411220001988113, 0.12631630001123995, 0.15454830008093268, 0.12895849999040365, 0.15528140007518232], "(10000, 0.01, 'sssp_duan_et_al')": [0.13826160004828125, 0.0833250000141561, 0.13855539995711297, 0.11925980006344616, 0.13003710005432367, 0.09780420002061874, 0.1386627999600023, 0.11953129991889, 0.1321981999790296, 0.10111689998302609, 0.10322430008091033, 0.10006810002960265, 0.13081480003893375, 0.0987410000525415, 0.10744120005983859], "(10000, 0.05, 'dijkstra')": [0.5320431999862194, 0.549806100083515, 0.531554099987261, 0.5514206000370905, 0.5335320000303909, 0.5461776000447571, 0.5359217000659555, 0.5485894000157714, 0.5363388999830931, 0.5457579999929294, 0.5355035999091342, 0.5464593999786302, 0.53623399999924, 0.5494719999842346, 0.5321706000249833], "(10000, 0.05, 'sssp_duan_et_al')": [0.389947000076063, 0.3903221000218764, 0.4094121999805793, 0.40705440007150173, 0.40849770000204444, 0.40705809998326004, 0.3903184999944642, 0.40942789998371154, 0.3994089000625536, 0.4194770000176504, 0.4039127000141889, 0.42025740002281964, 0.38202799996361136, 0.4187022000551224, 0.3848133999854326]}